"","classe","numero","data_autuacao","data_baixa","tem_rito_art_12","evento","tempo"
"1","ADPF","315",2014-01-16,2014-01-16,"Não",1,0
"2","ADPF","316",2014-01-22,2025-05-27,"Não",1,4143
"3","ADPF","317",2014-02-10,2016-06-21,"Não",1,862
"4","ADPF","318",2014-02-24,2014-10-23,"Não",1,241
"5","ADPF","319",2014-04-03,2015-02-18,"Não",1,321
"6","ADPF","320",2014-05-15,2025-06-06,"Não",0,4040
"7","ADPF","321",2014-05-25,2025-06-06,"Não",0,4030
"8","ADPF","322",2014-05-30,2025-06-06,"Não",0,4025
"9","ADPF","323",2014-06-27,2022-09-26,"Sim",1,3013
"10","ADPF","324",2014-08-25,2021-10-01,"Sim",1,2594
"11","ADPF","325",2014-08-27,2022-05-06,"Não",1,2809
"12","ADPF","326",2014-09-09,2016-03-07,"Não",1,545
"13","ADPF","327",2014-09-16,2014-11-06,"Não",1,51
"14","ADPF","328",2014-10-03,2021-08-12,"Não",1,2505
"15","ADPF","329",2014-12-02,2015-02-18,"Não",1,78
"16","ADPF","330",2015-01-16,2020-04-06,"Não",1,1907
"17","ADPF","331",2015-02-04,2015-02-05,"Não",1,1
"18","ADPF","332",2015-02-20,2019-08-30,"Não",1,1652
"19","ADPF","333",2015-02-26,2015-06-09,"Não",1,103
"20","ADPF","334",2015-03-09,2023-06-05,"Não",1,3010
"21","ADPF","335",2015-03-13,2021-09-27,"Sim",1,2390
"22","ADPF","336",2015-03-17,2021-05-19,"Não",1,2255
"23","ADPF","337",2015-03-23,2019-08-09,"Não",1,1600
"24","ADPF","338",2015-03-23,2025-06-06,"Não",0,3728
"25","ADPF","339",2015-03-26,2016-08-16,"Não",1,509
"26","ADPF","340",2015-04-08,2019-06-07,"Não",1,1521
"27","ADPF","341",2015-04-09,2023-03-10,"Não",1,2892
"28","ADPF","342",2015-04-16,2025-06-06,"Não",0,3704
"29","ADPF","343",2015-05-07,2016-11-24,"Não",1,567
"30","ADPF","344",2015-05-07,2020-09-23,"Não",1,1966
"31","ADPF","345",2015-05-16,2015-06-16,"Não",1,31
"32","ADPF","346",2015-05-22,2015-08-13,"Não",1,83
"33","ADPF","347",2015-05-27,2025-06-06,"Não",0,3663
"34","ADPF","348",2015-06-01,2025-06-06,"Não",0,3658
"35","ADPF","349",2015-06-01,2020-09-21,"Não",1,1939
"36","ADPF","350",2015-06-16,2016-12-15,"Não",1,548
"37","ADPF","351",2015-06-17,2025-06-06,"Não",0,3642
"38","ADPF","352",2015-06-17,2015-08-12,"Não",1,56
"39","ADPF","353",2015-06-30,2021-09-27,"Não",1,2281
"40","ADPF","354",2015-07-02,2016-10-27,"Não",1,483
"41","ADPF","355",2015-07-07,2019-10-21,"Não",1,1567
"42","ADPF","356",2015-07-27,2018-06-08,"Não",1,1047
"43","ADPF","357",2015-07-28,2021-10-18,"Sim",1,2274
"44","ADPF","358",2015-08-03,2015-10-21,"Não",1,79
"45","ADPF","359",2015-08-05,2015-10-22,"Não",1,78
"46","ADPF","360",2015-08-06,2019-11-04,"Não",1,1551
"47","ADPF","361",2015-08-10,2019-10-09,"Não",1,1521
"48","ADPF","362",2015-08-13,2024-05-02,"Não",1,3185
"49","ADPF","363",2015-08-18,2015-09-10,"Não",1,23
"50","ADPF","364",2015-08-21,2019-10-16,"Não",1,1517
"51","ADPF","365",2015-08-24,2018-08-24,"Sim",1,1096
"52","ADPF","366",2015-08-31,2025-03-14,"Sim",1,3483
"53","ADPF","367",2015-09-01,2021-03-11,"Não",1,2018
"54","ADPF","368",2015-09-02,2021-09-24,"Não",1,2214
"55","ADPF","369",2015-09-18,2020-10-28,"Não",1,1867
"56","ADPF","370",2015-09-21,2020-10-20,"Não",1,1856
"57","ADPF","371",2015-10-07,2016-02-16,"Não",1,132
"58","ADPF","372",2015-10-28,2017-04-17,"Não",1,537
"59","ADPF","375",2015-11-04,2019-04-22,"Não",1,1265
"60","ADPF","376",2015-11-19,2020-05-22,"Não",1,1646
"61","ADPF","377",2015-11-23,2017-09-04,"Não",1,651
"62","ADPF","378",2015-12-03,2016-08-25,"Não",1,266
"63","ADPF","379",2015-12-05,2025-06-06,"Não",0,3471
"64","ADPF","380",2016-01-15,2020-06-19,"Não",1,1617
"65","ADPF","381",2016-01-19,2023-05-09,"Não",1,2667
"66","ADPF","382",2016-01-28,2016-03-10,"Não",1,42
"67","ADPF","383",2016-01-28,2016-03-10,"Não",1,42
"68","ADPF","384",2016-02-01,2020-10-20,"Não",1,1723
"69","ADPF","385",2016-02-15,2017-11-22,"Não",1,646
"70","ADPF","386",2016-02-22,2020-11-10,"Sim",1,1723
"71","ADPF","387",2016-03-01,2017-12-07,"Não",1,646
"72","ADPF","388",2016-03-03,2016-08-25,"Não",1,175
"73","ADPF","389",2016-03-10,2020-11-02,"Não",1,1698
"74","ADPF","390",2016-03-17,2017-09-18,"Não",1,550
"75","ADPF","391",2016-03-17,2017-10-09,"Não",1,571
"76","ADPF","392",2016-03-30,2017-02-23,"Não",1,330
"77","ADPF","393",2016-04-08,2017-05-10,"Não",1,397
"78","ADPF","394",2016-04-11,2017-03-16,"Não",1,339
"79","ADPF","395",2016-04-11,2019-10-23,"Sim",1,1290
"80","ADPF","396",2016-04-14,2020-03-19,"Não",1,1435
"81","ADPF","397",2016-04-14,2016-05-23,"Não",1,39
"82","ADPF","398",2016-04-15,2022-08-31,"Sim",1,2329
"83","ADPF","399",2016-05-02,2020-06-09,"Não",1,1499
"84","ADPF","400",2016-05-02,2025-06-06,"Não",0,3322
"85","ADPF","401",2016-05-02,2023-05-08,"Não",1,2562
"86","ADPF","402",2016-05-03,2025-06-06,"Não",0,3321
"87","ADPF","403",2016-05-03,2025-06-06,"Não",0,3321
"88","ADPF","404",2016-05-04,2019-10-07,"Não",1,1251
"89","ADPF","405",2016-05-05,2021-08-16,"Não",1,1929
"90","ADPF","406",2016-05-06,2017-02-21,"Não",1,291
"91","ADPF","407",2016-05-09,2016-06-08,"Não",1,30
"92","ADPF","408",2016-05-13,2017-11-17,"Não",1,553
"93","ADPF","409",2016-05-23,2016-09-28,"Não",1,128
"94","ADPF","410",2016-05-24,2016-06-24,"Não",1,31
"95","ADPF","411",2016-05-24,2021-08-18,"Não",1,1912
"96","ADPF","412",2016-06-08,2020-03-10,"Não",1,1371
"97","ADPF","413",2016-06-16,2018-08-14,"Não",1,789
"98","ADPF","414",2016-07-08,2017-03-30,"Não",1,265
"99","ADPF","415",2016-07-14,2018-10-01,"Não",1,809
"100","ADPF","416",2016-07-19,2017-11-24,"Não",1,493
"101","ADPF","417",2016-07-27,2017-08-22,"Não",1,391
"102","ADPF","418",2016-07-27,2020-05-15,"Não",1,1388
"103","ADPF","419",2016-08-05,2021-09-01,"Não",1,1853
"104","ADPF","420",2016-08-05,2025-06-06,"Não",0,3227
"105","ADPF","421",2016-08-24,2017-06-16,"Não",1,296
"106","ADPF","422",2016-09-13,2025-06-06,"Não",0,3188
"107","ADPF","423",2016-10-04,2020-07-09,"Sim",1,1374
"108","ADPF","424",2016-10-26,2025-06-06,"Não",0,3145
"109","ADPF","425",2016-10-31,2018-11-16,"Não",1,746
"110","ADPF","426",2016-11-03,2021-11-26,"Não",1,1849
"111","ADPF","427",2016-11-04,2022-12-01,"Não",1,2218
"112","ADPF","428",2016-11-07,2017-05-26,"Não",1,200
"113","ADPF","429",2016-11-09,2025-06-06,"Não",0,3131
"114","ADPF","430",2016-11-11,2023-05-19,"Não",1,2380
"115","ADPF","431",2016-11-11,2017-03-21,"Não",1,130
"116","ADPF","432",2016-11-11,2017-02-13,"Não",1,94
"117","ADPF","433",2016-11-17,2025-06-06,"Não",0,3123
"118","ADPF","434",2016-11-18,2025-06-06,"Não",0,3122
"119","ADPF","435",2016-11-23,2018-10-02,"Não",1,678
"120","ADPF","436",2016-11-30,2017-02-24,"Não",1,86
"121","ADPF","437",2016-12-20,2020-10-26,"Não",1,1406
"122","ADPF","438",2016-12-20,2020-02-07,"Não",1,1144
"123","ADPF","439",2017-01-02,2017-06-13,"Não",1,162
"124","ADPF","440",2017-02-15,2020-02-10,"Não",1,1090
"125","ADPF","441",2017-02-24,2017-08-25,"Não",1,182
"126","ADPF","442",2017-03-08,2025-06-06,"Não",0,3012
"127","ADPF","443",2017-03-14,2020-05-19,"Não",1,1162
"128","ADPF","444",2017-03-14,2020-06-18,"Sim",1,1192
"129","ADPF","445",2017-03-22,2025-06-06,"Não",0,2998
"130","ADPF","446",2017-03-22,2019-11-06,"Não",1,959
"131","ADPF","447",2017-03-29,2017-08-23,"Não",1,147
"132","ADPF","448",2017-04-05,2020-12-15,"Não",1,1350
"133","ADPF","449",2017-04-07,2019-11-04,"Não",1,941
"134","ADPF","450",2017-04-18,2019-10-08,"Sim",1,903
"135","ADPF","451",2017-04-27,2019-02-21,"Não",1,665
"136","ADPF","452",2017-05-03,2020-05-27,"Não",1,1120
"137","ADPF","453",2017-05-04,2019-12-13,"Não",1,953
"138","ADPF","454",2017-05-08,2025-06-06,"Não",0,2951
"139","ADPF","455",2017-05-11,2023-08-14,"Sim",1,2286
"140","ADPF","456",2017-05-16,2017-08-31,"Não",1,107
"141","ADPF","457",2017-05-22,2020-06-16,"Não",1,1121
"142","ADPF","458",2017-05-23,2019-11-22,"Não",1,913
"143","ADPF","459",2017-05-25,2017-08-03,"Não",1,70
"144","ADPF","460",2017-06-06,2020-09-11,"Não",1,1193
"145","ADPF","461",2017-06-06,2020-10-08,"Não",1,1220
"146","ADPF","462",2017-06-06,2024-08-30,"Não",1,2642
"147","ADPF","463",2017-06-07,2019-03-08,"Não",1,639
"148","ADPF","464",2017-06-08,2018-11-08,"Não",1,518
"149","ADPF","465",2017-06-08,2020-10-01,"Não",1,1211
"150","ADPF","466",2017-06-08,2025-06-06,"Não",0,2920
"151","ADPF","467",2017-06-08,2020-08-14,"Não",1,1163
"152","ADPF","468",2017-06-09,2018-06-27,"Não",1,383
"153","ADPF","469",2017-06-20,2017-08-24,"Não",1,65
"154","ADPF","470",2017-06-22,2022-09-01,"Não",1,1897
"155","ADPF","471",2017-06-26,2020-05-26,"Sim",1,1065
"156","ADPF","472",2017-07-13,2017-11-06,"Não",1,116
"157","ADPF","473",2017-07-25,2025-06-06,"Não",0,2873
"158","ADPF","474",2017-08-19,2024-09-30,"Não",1,2599
"159","ADPF","475",2017-08-19,2023-05-12,"Sim",1,2092
"160","ADPF","476",2017-08-22,2020-03-20,"Não",1,941
"161","ADPF","477",2017-08-24,2019-10-29,"Não",1,796
"162","ADPF","478",2017-08-29,2018-02-26,"Não",1,181
"163","ADPF","479",2017-08-30,2017-11-21,"Não",1,83
"164","ADPF","480",2017-09-15,2018-05-04,"Não",1,231
"165","ADPF","481",2017-09-15,2018-08-07,"Não",1,326
"166","ADPF","482",2017-09-15,2020-04-06,"Não",1,934
"167","ADPF","483",2017-09-21,2019-06-25,"Sim",1,642
"168","ADPF","484",2017-09-25,2020-11-19,"Não",1,1151
"169","ADPF","485",2017-09-25,2021-02-17,"Não",1,1241
"170","ADPF","486",2017-10-06,2023-09-06,"Não",1,2161
"171","ADPF","487",2017-10-09,2018-03-23,"Não",1,165
"172","ADPF","488",2017-10-11,2024-03-04,"Não",1,2336
"173","ADPF","489",2017-10-20,2020-04-02,"Não",1,895
"174","ADPF","490",2017-10-20,2025-06-06,"Sim",0,2786
"175","ADPF","491",2017-10-20,2020-06-08,"Não",1,962
"176","ADPF","492",2017-10-23,2021-02-08,"Sim",1,1204
"177","ADPF","493",2017-10-23,2021-02-12,"Não",1,1208
"178","ADPF","494",2017-10-27,2023-03-24,"Sim",1,1974
"179","ADPF","495",2017-10-30,2023-05-26,"Sim",1,2034
"180","ADPF","496",2017-10-30,2022-11-22,"Sim",1,1849
"181","ADPF","497",2017-11-21,2019-11-04,"Não",1,713
"182","ADPF","498",2017-11-23,2020-06-01,"Não",1,921
"183","ADPF","499",2017-11-23,2023-08-09,"Sim",1,2085
"184","ADPF","500",2017-11-28,2022-05-11,"Não",1,1625
"185","ADPF","501",2017-11-30,2022-09-20,"Não",1,1755
"186","ADPF","502",2017-12-18,2018-03-19,"Não",1,91
"187","ADPF","503",2017-12-13,2019-11-05,"Não",1,692
"188","ADPF","504",2017-12-14,2020-12-09,"Não",1,1091
"189","ADPF","505",2017-12-21,2018-08-26,"Não",1,248
"190","ADPF","506",2017-12-21,2018-04-13,"Não",1,113
"191","ADPF","507",2018-01-08,2018-04-13,"Não",1,95
"192","ADPF","508",2018-01-19,2020-08-11,"Não",1,935
"193","ADPF","509",2018-01-26,2025-06-06,"Não",0,2688
"194","ADPF","510",2018-02-06,2018-08-09,"Não",1,184
"195","ADPF","511",2018-02-21,2024-04-11,"Sim",1,2241
"196","ADPF","512",2018-02-23,2024-02-09,"Não",1,2177
"197","ADPF","513",2018-03-02,2021-02-17,"Não",1,1083
"198","ADPF","514",2018-04-20,2019-10-02,"Não",1,530
"199","ADPF","515",2018-05-02,2020-12-09,"Não",1,952
"200","ADPF","516",2018-05-10,2019-09-23,"Não",1,501
"201","ADPF","517",2018-05-16,2019-10-09,"Não",1,511
"202","ADPF","518",2018-05-16,2023-04-28,"Sim",1,1808
"203","ADPF","519",2018-05-25,2025-06-06,"Não",0,2569
"204","ADPF","520",2018-06-07,2018-08-24,"Não",1,78
"205","ADPF","521",2018-06-11,2018-09-28,"Não",1,109
"206","ADPF","522",2018-06-12,2025-06-06,"Não",0,2551
"207","ADPF","523",2018-06-12,2021-03-11,"Não",1,1003
"208","ADPF","524",2018-06-15,2023-09-19,"Não",1,1922
"209","ADPF","525",2018-06-19,2019-03-28,"Não",1,282
"210","ADPF","526",2018-06-25,2020-06-23,"Sim",1,729
"211","ADPF","527",2018-06-25,2023-11-28,"Não",1,1982
"212","ADPF","528",2018-06-26,2022-08-08,"Não",1,1504
"213","ADPF","529",2018-06-26,2020-04-29,"Sim",1,673
"214","ADPF","530",2018-06-27,2020-12-21,"Não",1,908
"215","ADPF","531",2018-06-28,2018-09-05,"Não",1,69
"216","ADPF","532",2018-07-13,2018-08-31,"Não",1,49
"217","ADPF","533",2018-07-23,2022-12-13,"Não",1,1604
"218","ADPF","534",2018-07-25,2020-09-28,"Não",1,796
"219","ADPF","535",2018-07-30,2021-08-25,"Não",1,1122
"220","ADPF","536",2018-08-03,2018-11-09,"Não",1,98
"221","ADPF","537",2018-08-16,2018-09-27,"Não",1,42
"222","ADPF","538",2018-08-30,2019-08-30,"Não",1,365
"223","ADPF","539",2018-09-10,2021-03-16,"Sim",1,918
"224","ADPF","540",2018-09-12,2019-04-05,"Não",1,205
"225","ADPF","541",2018-09-19,2019-06-04,"Não",1,258
"226","ADPF","542",2018-09-25,2020-11-13,"Não",1,780
"227","ADPF","543",2018-09-27,2019-03-13,"Não",1,167
"228","ADPF","544",2018-10-09,2022-06-27,"Não",1,1357
"229","ADPF","545",2018-10-11,2019-04-08,"Não",1,179
"230","ADPF","546",2018-10-17,2023-02-27,"Sim",1,1594
"231","ADPF","547",2018-10-17,2021-06-30,"Não",1,987
"232","ADPF","548",2018-10-26,2020-06-24,"Não",1,607
"233","ADPF","549",2018-10-30,2020-10-05,"Não",1,706
"234","ADPF","550",2018-11-09,2024-03-20,"Sim",1,1958
"235","ADPF","551",2018-11-19,2019-03-05,"Não",1,106
"236","ADPF","552",2018-11-20,2019-09-09,"Não",1,293
"237","ADPF","553",2018-11-20,2019-05-31,"Não",1,192
"238","ADPF","554",2018-11-21,2020-06-10,"Sim",1,567
"239","ADPF","555",2018-11-23,2020-05-27,"Não",1,551
"240","ADPF","556",2018-11-28,2020-08-28,"Não",1,639
"241","ADPF","557",2018-12-04,2025-06-06,"Não",0,2376
"242","ADPF","558",2018-12-11,2019-02-21,"Não",1,72
"243","ADPF","559",2018-12-12,2022-08-12,"Não",1,1339
"244","ADPF","560",2018-12-14,2020-03-09,"Não",1,451
"245","ADPF","561",2019-01-02,2020-11-26,"Não",1,694
"246","ADPF","562",2019-01-14,2019-08-09,"Não",1,207
"247","ADPF","563",2019-01-14,2021-03-30,"Não",1,806
"248","ADPF","564",2019-01-21,2025-06-06,"Não",0,2328
"249","ADPF","565",2019-02-25,2019-08-13,"Não",1,169
"250","ADPF","566",2019-02-26,2019-09-23,"Não",1,209
"251","ADPF","567",2019-02-28,2021-04-12,"Não",1,774
"252","ADPF","568",2019-03-12,2019-10-14,"Não",1,216
"253","ADPF","569",2019-03-13,2024-06-17,"Não",1,1923
"254","ADPF","570",2019-03-14,2019-09-30,"Não",1,200
"255","ADPF","571",2019-03-19,2021-10-13,"Não",1,939
"256","ADPF","572",2019-03-25,2020-11-26,"Não",1,612
"257","ADPF","573",2019-03-25,2023-05-04,"Não",1,1501
"258","ADPF","574",2019-03-28,2021-05-10,"Não",1,774
"259","ADPF","575",2019-04-02,2019-05-31,"Não",1,59
"260","ADPF","576",2019-04-11,2019-06-13,"Não",1,63
"261","ADPF","577",2019-04-12,2019-11-05,"Não",1,207
"262","ADPF","578",2019-04-12,2025-06-06,"Sim",0,2247
"263","ADPF","579",2019-04-24,2021-02-03,"Não",1,651
"264","ADPF","580",2019-05-04,2019-08-06,"Não",1,94
"265","ADPF","581",2019-05-08,2024-02-16,"Não",1,1745
"266","ADPF","582",2019-05-14,2020-10-13,"Sim",1,518
"267","ADPF","583",2019-05-15,2020-10-15,"Sim",1,519
"268","ADPF","584",2019-05-17,2020-03-27,"Não",1,315
"269","ADPF","585",2019-05-21,2022-05-06,"Não",1,1081
"270","ADPF","586",2019-05-23,2024-02-16,"Não",1,1730
"271","ADPF","587",2019-05-27,2020-10-06,"Não",1,498
"272","ADPF","588",2019-05-28,2022-03-28,"Não",1,1035
"273","ADPF","589",2019-05-28,2019-08-07,"Não",1,71
"274","ADPF","590",2019-06-12,2020-10-06,"Sim",1,482
"275","ADPF","591",2019-06-12,2024-11-05,"Não",1,1973
"276","ADPF","592",2019-06-14,2024-02-23,"Não",1,1715
"277","ADPF","593",2019-06-18,2025-02-14,"Não",1,2068
"278","ADPF","594",2019-06-18,2023-02-06,"Não",1,1329
"279","ADPF","595",2019-06-19,2020-10-22,"Não",1,491
"280","ADPF","596",2019-06-21,2022-08-17,"Não",1,1153
"281","ADPF","597",2019-06-24,2020-09-28,"Não",1,462
"282","ADPF","598",2019-06-27,2021-08-12,"Não",1,777
"283","ADPF","599",2019-06-28,2025-06-06,"Não",0,2170
"284","ADPF","600",2019-07-10,2020-10-01,"Não",1,449
"285","ADPF","601",2019-07-11,2023-08-10,"Não",1,1491
"286","ADPF","602",2019-07-22,2019-09-10,"Não",1,50
"287","ADPF","603",2019-07-25,2022-08-22,"Sim",1,1124
"288","ADPF","604",2019-07-26,2019-08-30,"Não",1,35
"289","ADPF","605",2019-07-26,2025-06-06,"Não",0,2142
"290","ADPF","606",2019-07-29,2025-06-06,"Sim",0,2139
"291","ADPF","607",2019-07-31,2022-06-09,"Sim",1,1044
"292","ADPF","608",2019-08-02,2019-09-12,"Não",1,41
"293","ADPF","609",2019-08-06,2020-05-27,"Não",1,295
"294","ADPF","610",2019-08-13,2022-11-09,"Sim",1,1184
"295","ADPF","611",2019-08-15,2019-09-13,"Não",1,29
"296","ADPF","612",2019-08-19,2020-10-09,"Não",1,417
"297","ADPF","613",2019-08-19,2020-09-01,"Não",1,379
"298","ADPF","614",2019-08-27,2021-04-29,"Sim",1,611
"299","ADPF","615",2019-08-28,2025-06-06,"Não",0,2109
"300","ADPF","616",2019-09-02,2022-11-29,"Não",1,1184
"301","ADPF","617",2019-09-09,2020-02-12,"Não",1,156
"302","ADPF","618",2019-09-09,2025-06-06,"Sim",0,2097
"303","ADPF","619",2019-09-12,2022-09-17,"Não",1,1101
"304","ADPF","620",2019-09-13,2021-03-23,"Não",1,557
"305","ADPF","621",2019-09-16,2020-06-16,"Não",1,274
"306","ADPF","622",2019-09-16,2021-06-07,"Não",1,630
"307","ADPF","623",2019-09-16,2023-08-09,"Não",1,1423
"308","ADPF","624",2019-09-17,2020-10-23,"Não",1,402
"309","ADPF","625",2019-10-04,2020-02-13,"Não",1,132
"310","ADPF","626",2019-10-07,2025-06-06,"Não",0,2069
"311","ADPF","627",2019-10-15,2020-11-05,"Não",1,387
"312","ADPF","628",2019-10-16,2020-04-22,"Não",1,189
"313","ADPF","629",2019-10-18,2020-02-21,"Não",1,126
"314","ADPF","630",2019-10-23,2021-05-28,"Sim",1,583
"315","ADPF","631",2019-10-30,2019-12-05,"Não",1,36
"316","ADPF","632",2019-11-12,2020-03-03,"Não",1,112
"317","ADPF","633",2019-11-18,2020-04-06,"Não",1,140
"318","ADPF","634",2019-11-19,2023-04-24,"Não",1,1252
"319","ADPF","635",2019-11-20,2025-06-06,"Não",0,2025
"320","ADPF","636",2019-11-26,2020-02-14,"Não",1,80
"321","ADPF","637",2019-12-12,2025-06-06,"Não",0,2003
"322","ADPF","638",2019-12-13,2022-03-24,"Não",1,832
"323","ADPF","639",2019-12-17,2021-08-23,"Não",1,615
"324","ADPF","640",2019-12-18,2023-10-30,"Não",1,1412
"325","ADPF","641",2019-12-19,2020-10-21,"Não",1,307
"326","ADPF","642",2019-12-20,2025-06-06,"Não",0,1995
"327","ADPF","643",2020-01-06,2024-03-11,"Não",1,1526
"328","ADPF","644",2020-01-08,2024-03-11,"Não",1,1524
"329","ADPF","645",2020-01-13,2020-04-30,"Não",1,108
"330","ADPF","646",2020-01-24,2022-08-16,"Não",1,935
"331","ADPF","647",2020-01-23,2022-03-15,"Sim",1,782
"332","ADPF","648",2020-02-03,2021-10-04,"Sim",1,609
"333","ADPF","649",2020-02-05,2022-03-29,"Não",1,783
"334","ADPF","650",2020-02-06,2021-02-12,"Não",1,372
"335","ADPF","651",2020-02-10,2022-11-09,"Não",1,1003
"336","ADPF","652",2020-02-10,2020-03-25,"Não",1,44
"337","ADPF","653",2020-02-14,2020-05-04,"Não",1,80
"338","ADPF","654",2020-02-20,2020-05-15,"Não",1,85
"339","ADPF","655",2020-03-03,2020-11-25,"Não",1,267
"340","ADPF","656",2020-03-03,2022-05-25,"Não",1,813
"341","ADPF","657",2020-03-08,2025-06-06,"Não",0,1916
"342","ADPF","658",2020-03-09,2022-05-25,"Não",1,807
"343","ADPF","659",2020-03-23,2022-05-17,"Não",1,785
"344","ADPF","660",2020-03-23,2020-04-30,"Não",1,38
"345","ADPF","661",2020-03-23,2021-09-28,"Não",1,554
"346","ADPF","662",2020-03-24,2022-06-21,"Não",1,819
"347","ADPF","663",2020-03-24,2021-09-30,"Não",1,555
"348","ADPF","664",2020-03-26,2021-05-13,"Não",1,413
"349","ADPF","665",2020-03-26,2022-06-27,"Sim",1,823
"350","ADPF","666",2020-03-26,2020-06-01,"Não",1,67
"351","ADPF","667",2020-03-27,2025-06-06,"Não",0,1897
"352","ADPF","668",2020-03-30,2020-06-02,"Não",1,64
"353","ADPF","669",2020-03-30,2020-06-03,"Não",1,65
"354","ADPF","670",2020-03-30,2024-06-10,"Não",1,1533
"355","ADPF","671",2020-03-31,2020-08-20,"Não",1,142
"356","ADPF","672",2020-04-01,2020-11-13,"Não",1,226
"357","ADPF","673",2020-04-02,2022-05-02,"Sim",1,760
"358","ADPF","674",2020-04-13,2022-04-05,"Não",1,722
"359","ADPF","675",2020-04-14,2020-05-15,"Não",1,31
"360","ADPF","676",2020-04-20,2020-11-18,"Não",1,212
"361","ADPF","677",2020-04-22,2025-06-06,"Não",0,1871
"362","ADPF","678",2020-04-28,2020-05-26,"Não",1,28
"363","ADPF","679",2020-05-04,2020-06-01,"Não",1,28
"364","ADPF","680",2020-05-06,2025-03-25,"Não",1,1784
"365","ADPF","681",2020-05-07,2022-04-01,"Não",1,694
"366","ADPF","682",2020-05-08,2020-06-16,"Não",1,39
"367","ADPF","683",2020-05-11,2022-03-30,"Não",1,688
"368","ADPF","684",2020-05-13,2024-03-18,"Não",1,1405
"369","ADPF","685",2020-05-27,2021-04-14,"Não",1,322
"370","ADPF","686",2020-05-27,2021-11-11,"Não",1,533
"371","ADPF","687",2020-05-27,2020-08-17,"Não",1,82
"372","ADPF","688",2020-06-03,2021-02-03,"Não",1,245
"373","ADPF","689",2020-06-08,2020-08-23,"Não",1,76
"374","ADPF","690",2020-06-08,2021-04-28,"Não",1,324
"375","ADPF","691",2020-06-09,2021-04-28,"Não",1,323
"376","ADPF","692",2020-06-09,2021-04-28,"Não",1,323
"377","ADPF","693",2020-06-12,2022-03-28,"Sim",1,654
"378","ADPF","694",2020-06-16,2021-10-19,"Não",1,490
"379","ADPF","695",2020-06-16,2023-06-30,"Não",1,1109
"380","ADPF","696",2020-06-16,2021-08-06,"Não",1,416
"381","ADPF","697",2020-06-18,2021-08-25,"Não",1,433
"382","ADPF","698",2020-06-19,2020-08-21,"Não",1,63
"383","ADPF","699",2020-06-19,2020-08-24,"Não",1,66
"384","ADPF","700",2020-06-19,2020-08-21,"Não",1,63
"385","ADPF","701",2020-06-22,2022-11-23,"Não",1,884
"386","ADPF","702",2020-06-22,2022-11-23,"Não",1,884
"387","ADPF","703",2020-06-22,2021-03-11,"Não",1,262
"388","ADPF","704",2020-06-23,2021-09-22,"Sim",1,456
"389","ADPF","705",2020-06-24,2021-08-20,"Não",1,422
"390","ADPF","706",2020-06-30,2022-04-06,"Não",1,645
"391","ADPF","707",2020-06-30,2023-03-10,"Não",1,983
"392","ADPF","708",2020-06-30,2023-06-19,"Não",1,1084
"393","ADPF","709",2020-07-01,2025-06-06,"Não",0,1801
"394","ADPF","710",2020-07-01,2021-08-18,"Não",1,413
"395","ADPF","711",2020-07-02,2020-12-15,"Não",1,166
"396","ADPF","712",2020-07-02,2023-08-10,"Não",1,1134
"397","ADPF","713",2020-07-07,2022-04-06,"Não",1,638
"398","ADPF","714",2020-07-06,2021-12-13,"Não",1,525
"399","ADPF","715",2020-07-07,2021-03-08,"Sim",1,244
"400","ADPF","716",2020-07-07,2025-06-06,"Não",0,1795
"401","ADPF","717",2020-07-09,2022-11-17,"Sim",1,861
"402","ADPF","718",2020-07-09,2021-03-05,"Não",1,239
"403","ADPF","719",2020-07-09,2021-09-22,"Não",1,440
"404","ADPF","720",2020-07-15,2021-08-27,"Não",1,408
"405","ADPF","721",2020-07-17,2021-09-22,"Não",1,432
"406","ADPF","722",2020-07-27,2022-06-20,"Não",1,693
"407","ADPF","723",2020-08-05,2021-04-27,"Sim",1,265
"408","ADPF","724",2020-08-12,2020-12-09,"Não",1,119
"409","ADPF","725",2020-08-20,2020-12-07,"Não",1,109
"410","ADPF","726",2020-08-21,2021-08-25,"Não",1,369
"411","ADPF","727",2020-08-24,2023-09-19,"Sim",1,1121
"412","ADPF","728",2020-08-25,2021-05-04,"Não",1,252
"413","ADPF","729",2020-08-25,2020-12-09,"Não",1,106
"414","ADPF","730",2020-08-25,2023-09-25,"Não",1,1126
"415","ADPF","731",2020-08-25,2021-04-14,"Sim",1,232
"416","ADPF","732",2020-08-25,2021-05-27,"Não",1,275
"417","ADPF","733",2020-08-26,2020-09-25,"Não",1,30
"418","ADPF","734",2020-08-28,2023-05-15,"Sim",1,990
"419","ADPF","735",2020-09-01,2023-02-15,"Não",1,897
"420","ADPF","736",2020-09-03,2020-10-05,"Não",1,32
"421","ADPF","737",2020-09-03,2021-09-27,"Sim",1,389
"422","ADPF","738",2020-09-03,2021-08-05,"Não",1,336
"423","ADPF","739",2020-09-08,2021-02-10,"Não",1,155
"424","ADPF","740",2020-09-09,2020-11-19,"Não",1,71
"425","ADPF","741",2020-09-10,2020-10-20,"Não",1,40
"426","ADPF","742",2020-09-10,2025-06-06,"Não",0,1730
"427","ADPF","743",2020-09-18,2024-06-19,"Não",1,1370
"428","ADPF","744",2020-09-18,2023-03-01,"Não",1,894
"429","ADPF","745",2020-09-18,2023-12-18,"Não",1,1186
"430","ADPF","746",2020-09-25,2024-06-19,"Não",1,1363
"431","ADPF","747",2020-09-30,2022-02-09,"Não",1,497
"432","ADPF","748",2020-10-01,2022-08-16,"Não",1,684
"433","ADPF","749",2020-10-02,2022-02-09,"Não",1,495
"434","ADPF","750",2020-10-06,2021-12-15,"Não",1,435
"435","ADPF","751",2020-10-06,2023-03-01,"Não",1,876
"436","ADPF","752",2020-10-08,2021-02-09,"Sim",1,124
"437","ADPF","753",2020-10-16,2021-05-18,"Não",1,214
"438","ADPF","754",2020-10-22,2023-09-26,"Não",1,1069
"439","ADPF","755",2020-10-22,2024-02-23,"Não",1,1219
"440","ADPF","756",2020-10-23,2023-09-19,"Não",1,1061
"441","ADPF","757",2020-10-28,2021-04-27,"Não",1,181
"442","ADPF","758",2020-11-04,2025-06-06,"Não",0,1675
"443","ADPF","759",2020-11-06,2025-06-06,"Não",0,1673
"444","ADPF","760",2020-11-12,2024-08-05,"Não",1,1362
"445","ADPF","761",2020-11-12,2023-03-07,"Não",1,845
"446","ADPF","762",2020-11-12,2025-06-06,"Não",0,1667
"447","ADPF","763",2020-11-13,2022-11-28,"Não",1,745
"448","ADPF","764",2020-11-25,2021-10-08,"Não",1,317
"449","ADPF","765",2020-11-26,2025-06-06,"Não",0,1653
"450","ADPF","766",2020-11-27,2025-06-06,"Não",0,1652
"451","ADPF","767",2020-11-27,2023-03-10,"Sim",1,833
"452","ADPF","768",2020-12-07,2021-02-24,"Não",1,79
"453","ADPF","769",2020-12-09,2025-06-06,"Não",0,1640
"454","ADPF","770",2020-12-09,2023-11-28,"Não",1,1084
"455","ADPF","771",2020-12-11,2021-10-19,"Não",1,312
"456","ADPF","772",2020-12-11,2023-08-12,"Sim",1,974
"457","ADPF","773",2020-12-14,2021-05-10,"Não",1,147
"458","ADPF","774",2020-12-15,2025-06-06,"Não",0,1634
"459","ADPF","775",2020-12-15,2024-08-30,"Não",1,1354
"460","ADPF","776",2020-12-15,2023-08-14,"Não",1,972
"461","ADPF","777",2020-12-17,2025-05-14,"Não",1,1609
"462","ADPF","778",2021-01-06,2022-03-15,"Não",1,433
"463","ADPF","779",2021-01-06,2023-10-30,"Não",1,1027
"464","ADPF","780",2021-01-07,2021-03-10,"Não",1,62
"465","ADPF","781",2021-01-07,2021-04-01,"Não",1,84
"466","ADPF","782",2021-01-08,2021-06-14,"Não",1,157
"467","ADPF","783",2021-01-11,2023-05-15,"Não",1,854
"468","ADPF","784",2021-01-21,2021-02-25,"Não",1,35
"469","ADPF","785",2021-01-25,2022-04-05,"Não",1,435
"470","ADPF","786",2021-01-26,2021-03-15,"Não",1,48
"471","ADPF","787",2021-02-01,2025-02-07,"Sim",1,1467
"472","ADPF","788",2021-02-03,2023-06-30,"Não",1,877
"473","ADPF","789",2021-02-11,2021-09-16,"Não",1,217
"474","ADPF","790",2021-02-11,2025-05-27,"Não",1,1566
"475","ADPF","791",2021-02-19,2023-02-28,"Não",1,739
"476","ADPF","792",2021-02-19,2023-02-28,"Não",1,739
"477","ADPF","793",2021-02-23,2022-02-25,"Não",1,367
"478","ADPF","794",2021-02-25,2021-06-24,"Não",1,119
"479","ADPF","795",2021-03-02,2023-02-22,"Sim",1,722
"480","ADPF","796",2021-03-02,2021-05-28,"Não",1,87
"481","ADPF","797",2021-03-03,2023-10-17,"Sim",1,958
"482","ADPF","798",2021-03-03,2023-02-21,"Não",1,720
"483","ADPF","799",2021-03-04,2023-10-17,"Sim",1,957
"484","ADPF","800",2021-03-05,2025-06-06,"Não",0,1554
"485","ADPF","801",2021-03-12,2022-09-26,"Não",1,563
"486","ADPF","802",2021-03-12,2021-08-09,"Sim",1,150
"487","ADPF","803",2021-03-12,2021-06-01,"Não",1,81
"488","ADPF","804",2021-03-12,2022-09-26,"Não",1,563
"489","ADPF","805",2021-03-15,2023-05-30,"Não",1,806
"490","ADPF","806",2021-03-16,2021-04-22,"Não",1,37
"491","ADPF","807",2021-03-16,2024-09-04,"Sim",1,1268
"492","ADPF","808",2021-03-17,2024-06-14,"Não",1,1185
"493","ADPF","809",2021-03-17,2025-06-06,"Sim",0,1542
"494","ADPF","810",2021-03-18,2021-04-29,"Não",1,42
"495","ADPF","811",2021-03-19,2021-08-06,"Sim",1,140
"496","ADPF","812",2021-03-19,2022-02-23,"Não",1,341
"497","ADPF","813",2021-03-19,2021-08-23,"Não",1,157
"498","ADPF","814",2021-03-22,2021-06-15,"Sim",1,85
"499","ADPF","815",2021-03-24,2024-01-26,"Não",1,1038
"500","ADPF","816",2021-03-25,2023-10-17,"Sim",1,936
"501","ADPF","817",2021-03-29,2025-06-06,"Não",0,1530
"502","ADPF","818",2021-04-05,2023-02-09,"Sim",1,675
"503","ADPF","819",2021-04-05,2025-04-07,"Sim",1,1463
"504","ADPF","820",2021-04-05,2021-09-30,"Sim",1,178
"505","ADPF","821",2021-04-07,2023-10-17,"Não",1,923
"506","ADPF","822",2021-04-08,2023-06-07,"Não",1,790
"507","ADPF","823",2021-04-08,2022-02-02,"Não",1,300
"508","ADPF","824",2021-04-09,2025-03-19,"Não",1,1440
"509","ADPF","825",2021-04-09,2021-12-06,"Não",1,241
"510","ADPF","826",2021-04-13,2025-06-06,"Sim",0,1515
"511","ADPF","827",2021-04-13,2021-08-25,"Não",1,134
"512","ADPF","828",2021-04-15,2025-06-06,"Não",0,1513
"513","ADPF","829",2021-04-16,2021-06-29,"Não",1,74
"514","ADPF","830",2021-04-16,2021-06-14,"Não",1,59
"515","ADPF","831",2021-04-22,2025-02-24,"Não",1,1404
"516","ADPF","832",2021-04-28,2023-05-15,"Não",1,747
"517","ADPF","833",2021-04-28,2022-09-05,"Sim",1,495
"518","ADPF","834",2021-04-30,2023-04-24,"Não",1,724
"519","ADPF","835",2021-05-03,2024-02-02,"Não",1,1005
"520","ADPF","836",2021-05-03,2021-08-24,"Não",1,113
"521","ADPF","837",2021-05-03,2025-06-06,"Não",0,1495
"522","ADPF","838",2021-05-05,2022-08-31,"Não",1,483
"523","ADPF","839",2021-05-06,2021-08-23,"Não",1,109
"524","ADPF","840",2021-05-06,2021-09-10,"Não",1,127
"525","ADPF","841",2021-05-06,2021-10-08,"Sim",1,155
"526","ADPF","842",2021-05-06,2023-03-20,"Sim",1,683
"527","ADPF","843",2021-05-11,2021-12-10,"Não",1,213
"528","ADPF","844",2021-05-18,2022-09-14,"Não",1,484
"529","ADPF","845",2021-05-21,2023-06-15,"Não",1,755
"530","ADPF","846",2021-05-21,2021-08-18,"Não",1,89
"531","ADPF","847",2021-05-24,2025-06-06,"Não",0,1474
"532","ADPF","848",2021-05-31,2022-08-12,"Não",1,438
"533","ADPF","849",2021-06-02,2021-10-14,"Não",1,134
"534","ADPF","850",2021-06-08,2023-09-15,"Não",1,829
"535","ADPF","851",2021-06-08,2023-05-09,"Não",1,700
"536","ADPF","852",2021-06-14,2023-04-17,"Não",1,672
"537","ADPF","853",2021-06-15,2024-09-27,"Não",1,1200
"538","ADPF","854",2021-06-15,2023-05-09,"Não",1,693
"539","ADPF","855",2021-06-16,2023-02-28,"Não",1,622
"540","ADPF","856",2021-06-18,2022-09-27,"Sim",1,466
"541","ADPF","857",2021-06-22,2024-06-21,"Não",1,1095
"542","ADPF","858",2021-06-22,2023-09-22,"Não",1,822
"543","ADPF","859",2021-06-30,2021-11-04,"Não",1,127
"544","ADPF","860",2021-06-30,2023-02-23,"Não",1,603
"545","ADPF","861",2021-06-30,2022-02-22,"Não",1,237
"546","ADPF","862",2021-06-30,2025-02-11,"Não",1,1322
"547","ADPF","863",2021-07-01,2025-06-06,"Não",0,1436
"548","ADPF","864",2021-07-02,2022-03-04,"Não",1,245
"549","ADPF","865",2021-07-02,2023-02-02,"Sim",1,580
"550","ADPF","866",2021-07-09,2021-08-25,"Não",1,47
"551","ADPF","867",2021-07-15,2025-06-06,"Não",0,1422
"552","ADPF","868",2021-07-19,2024-09-04,"Sim",1,1143
"553","ADPF","869",2021-07-21,2022-12-02,"Não",1,499
"554","ADPF","870",2021-07-31,2025-06-06,"Sim",0,1406
"555","ADPF","871",2021-08-02,2021-12-15,"Não",1,135
"556","ADPF","872",2021-08-02,2023-09-05,"Não",1,764
"557","ADPF","873",2021-08-05,2023-03-10,"Não",1,582
"558","ADPF","874",2021-08-10,2022-03-24,"Não",1,226
"559","ADPF","875",2021-08-12,2025-06-06,"Não",0,1394
"560","ADPF","876",2021-08-19,2025-06-06,"Não",0,1387
"561","ADPF","877",2021-08-20,2025-06-06,"Não",0,1386
"562","ADPF","878",2021-08-26,2023-06-15,"Não",1,658
"563","ADPF","879",2021-09-01,2023-02-23,"Não",1,540
"564","ADPF","880",2021-09-03,2022-06-24,"Sim",1,294
"565","ADPF","881",2021-09-13,2025-06-06,"Não",0,1362
"566","ADPF","882",2021-09-20,2022-02-14,"Não",1,147
"567","ADPF","883",2021-09-21,2022-02-16,"Não",1,148
"568","ADPF","884",2021-09-22,2022-03-25,"Não",1,184
"569","ADPF","885",2021-09-27,2023-08-03,"Sim",1,675
"570","ADPF","886",2021-09-27,2022-03-15,"Não",1,169
"571","ADPF","887",2021-10-06,2025-01-21,"Não",1,1203
"572","ADPF","888",2021-10-08,2022-02-09,"Não",1,124
"573","ADPF","889",2021-10-13,2025-06-06,"Não",0,1332
"574","ADPF","890",2021-10-14,2022-03-23,"Não",1,160
"575","ADPF","891",2021-10-18,2022-06-09,"Não",1,234
"576","ADPF","892",2021-10-18,2024-10-08,"Não",1,1086
"577","ADPF","893",2021-10-19,2022-09-16,"Não",1,332
"578","ADPF","894",2021-10-26,2021-11-26,"Não",1,31
"579","ADPF","895",2021-10-27,2021-12-14,"Não",1,48
"580","ADPF","896",2021-10-28,2023-05-04,"Não",1,553
"581","ADPF","897",2021-11-03,2023-03-24,"Sim",1,506
"582","ADPF","898",2021-11-03,2022-12-19,"Não",1,411
"583","ADPF","899",2021-11-03,2025-06-06,"Não",0,1311
"584","ADPF","900",2021-11-04,2023-03-10,"Não",1,491
"585","ADPF","901",2021-11-04,2022-12-19,"Não",1,410
"586","ADPF","902",2021-11-08,2023-04-13,"Sim",1,521
"587","ADPF","903",2021-11-09,2021-12-17,"Não",1,38
"588","ADPF","904",2021-11-09,2022-04-22,"Não",1,164
"589","ADPF","905",2021-11-09,2022-12-19,"Não",1,405
"590","ADPF","906",2021-11-10,2024-03-19,"Não",1,860
"591","ADPF","907",2021-11-11,2022-12-19,"Não",1,403
"592","ADPF","908",2021-11-11,2024-03-19,"Não",1,859
"593","ADPF","909",2021-11-19,2022-02-07,"Não",1,80
"594","ADPF","910",2021-11-23,2023-08-09,"Não",1,624
"595","ADPF","911",2021-11-23,2023-05-30,"Não",1,553
"596","ADPF","912",2021-11-23,2022-04-12,"Não",1,140
"597","ADPF","913",2021-11-29,2022-12-02,"Não",1,368
"598","ADPF","914",2021-11-30,2022-02-14,"Não",1,76
"599","ADPF","915",2021-12-01,2022-09-08,"Não",1,281
"600","ADPF","916",2021-12-02,2022-02-22,"Não",1,82
"601","ADPF","917",2021-12-02,2022-12-02,"Não",1,365
"602","ADPF","918",2021-12-03,2023-06-15,"Não",1,559
"603","ADPF","919",2021-12-03,2025-06-06,"Não",0,1281
"604","ADPF","920",2021-12-07,2021-12-07,"Não",1,0
"605","ADPF","921",2021-12-09,2024-12-10,"Não",1,1097
"606","ADPF","922",2021-12-13,2023-07-03,"Sim",1,567
"607","ADPF","923",2021-12-14,2022-10-27,"Não",1,317
"608","ADPF","924",2021-12-16,2024-12-10,"Não",1,1090
"609","ADPF","925",2021-12-17,2025-06-06,"Sim",0,1267
"610","ADPF","926",2021-12-17,2023-05-09,"Não",1,508
"611","ADPF","927",2021-12-17,2022-03-30,"Não",1,103
"612","ADPF","928",2021-12-23,2025-06-06,"Não",0,1261
"613","ADPF","929",2021-12-29,2022-03-30,"Não",1,91
"614","ADPF","930",2021-12-30,2022-08-23,"Sim",1,236
"615","ADPF","931",2021-12-30,2022-08-23,"Sim",1,236
"616","ADPF","932",2022-01-04,2023-03-24,"Sim",1,444
"617","ADPF","933",2022-01-10,2022-03-14,"Não",1,63
"618","ADPF","934",2022-01-10,2025-06-06,"Não",0,1243
"619","ADPF","935",2022-01-17,2025-06-06,"Não",0,1236
"620","ADPF","936",2022-01-19,2024-11-11,"Não",1,1027
"621","ADPF","937",2022-01-21,2025-06-06,"Não",0,1232
"622","ADPF","938",2022-02-01,2023-06-26,"Não",1,510
"623","ADPF","939",2022-02-02,2022-05-16,"Não",1,103
"624","ADPF","940",2022-02-07,2023-10-24,"Sim",1,624
"625","ADPF","941",2022-02-07,2022-06-25,"Não",1,138
"626","ADPF","942",2022-02-08,2025-06-04,"Não",1,1212
"627","ADPF","943",2022-02-10,2022-02-11,"Não",1,1
"628","ADPF","944",2022-02-15,2025-06-06,"Não",0,1207
"629","ADPF","945",2022-02-15,2023-08-15,"Não",1,546
"630","ADPF","946",2022-02-18,2025-03-06,"Não",1,1112
"631","ADPF","947",2022-02-22,2022-04-27,"Não",1,64
"632","ADPF","948",2022-03-02,2022-10-17,"Não",1,229
"633","ADPF","949",2022-03-07,2024-08-21,"Não",1,898
"634","ADPF","950",2022-03-11,2022-09-23,"Não",1,196
"635","ADPF","951",2022-03-11,2024-02-16,"Não",1,707
"636","ADPF","952",2022-03-18,2022-10-17,"Não",1,213
"637","ADPF","953",2022-03-18,2022-04-18,"Não",1,31
"638","ADPF","954",2022-03-21,2022-04-19,"Não",1,29
"639","ADPF","955",2022-03-22,2022-08-24,"Não",1,155
"640","ADPF","956",2022-03-30,2024-06-07,"Não",1,800
"641","ADPF","957",2022-04-06,2022-08-04,"Não",1,120
"642","ADPF","958",2022-04-06,2023-09-01,"Não",1,513
"643","ADPF","959",2022-04-08,2024-02-07,"Não",1,670
"644","ADPF","960",2022-04-18,2023-02-14,"Não",1,302
"645","ADPF","961",2022-04-18,2023-08-24,"Sim",1,493
"646","ADPF","962",2022-04-19,2024-06-26,"Não",1,799
"647","ADPF","963",2022-04-20,2022-08-24,"Não",1,126
"648","ADPF","964",2022-04-22,2023-08-25,"Não",1,490
"649","ADPF","965",2022-04-22,2023-08-25,"Sim",1,490
"650","ADPF","966",2022-04-22,2023-08-25,"Sim",1,490
"651","ADPF","967",2022-04-25,2023-08-25,"Não",1,487
"652","ADPF","968",2022-04-27,2023-12-11,"Não",1,593
"653","ADPF","969",2022-05-01,2023-10-25,"Não",1,542
"654","ADPF","970",2022-05-01,2022-05-25,"Não",1,24
"655","ADPF","971",2022-05-06,2023-08-14,"Sim",1,465
"656","ADPF","972",2022-05-13,2025-06-06,"Não",0,1120
"657","ADPF","973",2022-05-13,2025-06-06,"Não",0,1120
"658","ADPF","974",2022-05-18,2023-02-27,"Não",1,285
"659","ADPF","975",2022-05-23,2022-10-26,"Não",1,156
"660","ADPF","976",2022-05-23,2025-06-06,"Não",0,1110
"661","ADPF","977",2022-05-26,2025-06-06,"Sim",0,1107
"662","ADPF","978",2022-05-27,2022-10-14,"Não",1,140
"663","ADPF","979",2022-05-31,2023-08-03,"Não",1,429
"664","ADPF","980",2022-06-01,2023-03-20,"Não",1,292
"665","ADPF","981",2022-06-02,2023-04-11,"Sim",1,313
"666","ADPF","982",2022-06-10,2025-03-25,"Não",1,1019
"667","ADPF","983",2022-06-14,2023-12-22,"Não",1,556
"668","ADPF","984",2022-06-15,2024-03-08,"Não",1,632
"669","ADPF","985",2022-06-15,2024-08-19,"Não",1,796
"670","ADPF","986",2022-06-15,2023-04-10,"Sim",1,299
"671","ADPF","987",2022-06-24,2025-06-06,"Sim",0,1078
"672","ADPF","988",2022-06-27,2022-11-07,"Não",1,133
"673","ADPF","989",2022-06-30,2025-06-06,"Não",0,1072
"674","ADPF","990",2022-06-30,2023-02-09,"Sim",1,224
"675","ADPF","991",2022-06-30,2025-06-06,"Não",0,1072
"676","ADPF","992",2022-07-04,2025-06-06,"Sim",0,1068
"677","ADPF","993",2022-07-04,2022-09-27,"Não",1,85
"678","ADPF","994",2022-07-05,2022-08-24,"Não",1,50
"679","ADPF","995",2022-07-13,2023-10-19,"Não",1,463
"680","ADPF","996",2022-07-18,2022-11-22,"Não",1,127
"681","ADPF","997",2022-08-03,2024-10-12,"Não",1,801
"682","ADPF","998",2022-08-03,2022-10-13,"Não",1,71
"683","ADPF","999",2022-08-05,2023-03-17,"Sim",1,224
"684","ADPF","1000",2022-08-11,2023-08-16,"Não",1,370
"685","ADPF","1001",2022-08-11,2023-06-20,"Não",1,313
"686","ADPF","1002",2022-08-15,2023-04-20,"Não",1,248
"687","ADPF","1003",2022-08-15,2023-02-28,"Sim",1,197
"688","ADPF","1004",2022-08-19,2024-10-21,"Sim",1,794
"689","ADPF","1005",2022-08-26,2025-06-06,"Sim",0,1015
"690","ADPF","1006",2022-08-26,2025-06-06,"Sim",0,1015
"691","ADPF","1007",2022-08-31,2023-02-27,"Não",1,180
"692","ADPF","1008",2022-09-09,2023-06-30,"Não",1,294
"693","ADPF","1009",2022-09-12,2025-06-06,"Não",0,998
"694","ADPF","1010",2022-09-13,2022-11-11,"Não",1,59
"695","ADPF","1011",2022-09-14,2024-08-09,"Sim",1,695
"696","ADPF","1012",2022-09-23,2023-03-09,"Não",1,167
"697","ADPF","1013",2022-09-28,2024-08-07,"Não",1,679
"698","ADPF","1014",2022-09-29,2025-04-23,"Sim",1,937
"699","ADPF","1015",2022-10-13,2023-05-04,"Não",1,203
"700","ADPF","1016",2022-10-18,2023-05-09,"Não",1,203
"701","ADPF","1017",2022-10-21,2025-06-06,"Não",0,959
"702","ADPF","1018",2022-10-24,2022-12-02,"Não",1,39
"703","ADPF","1019",2022-10-24,2022-12-07,"Não",1,44
"704","ADPF","1020",2022-10-24,2023-04-03,"Não",1,161
"705","ADPF","1021",2022-10-26,2024-12-18,"Sim",1,784
"706","ADPF","1022",2022-10-26,2022-10-26,"Não",1,0
"707","ADPF","1023",2022-10-27,2024-05-21,"Não",1,572
"708","ADPF","1024",2022-11-03,2023-02-02,"Não",1,91
"709","ADPF","1025",2022-11-08,2025-06-06,"Não",0,941
"710","ADPF","1026",2022-11-09,2025-06-06,"Sim",0,940
"711","ADPF","1027",2022-11-14,2025-06-06,"Não",0,935
"712","ADPF","1028",2022-11-16,2025-06-06,"Não",0,933
"713","ADPF","1029",2022-11-16,2025-06-06,"Não",0,933
"714","ADPF","1030",2022-11-16,2024-06-27,"Sim",1,589
"715","ADPF","1031",2022-11-18,2024-10-24,"Não",1,706
"716","ADPF","1032",2022-11-29,2025-06-06,"Sim",0,920
"717","ADPF","1033",2022-12-02,2025-06-06,"Sim",0,917
"718","ADPF","1034",2022-12-06,2023-05-15,"Não",1,160
"719","ADPF","1035",2022-12-09,2023-03-24,"Não",1,105
"720","ADPF","1036",2022-12-12,2025-03-21,"Não",1,830
"721","ADPF","1037",2022-12-19,2024-08-30,"Sim",1,620
"722","ADPF","1038",2022-12-21,2025-06-06,"Não",0,898
"723","ADPF","1039",2022-12-28,2023-05-02,"Não",1,125
"724","ADPF","1040",2022-12-29,2025-06-06,"Não",0,890
"725","ADPF","1041",2023-01-09,2023-05-26,"Sim",1,137
"726","ADPF","1042",2023-01-18,2025-05-07,"Não",1,840
"727","ADPF","1043",2023-01-19,2024-03-25,"Não",1,431
"728","ADPF","1044",2023-02-13,2023-05-18,"Não",1,94
"729","ADPF","1045",2023-02-14,2024-06-29,"Não",1,501
"730","ADPF","1046",2023-02-14,2025-06-06,"Sim",0,843
"731","ADPF","1047",2023-02-27,2025-06-06,"Não",0,830
"732","ADPF","1048",2023-03-01,2023-04-04,"Não",1,34
"733","ADPF","1049",2023-03-15,2023-04-17,"Não",1,33
"734","ADPF","1050",2023-03-23,2025-06-06,"Não",0,806
"735","ADPF","1051",2023-03-29,2025-06-06,"Não",0,800
"736","ADPF","1052",2023-04-03,2023-06-16,"Não",1,74
"737","ADPF","1053",2023-04-03,2025-06-06,"Não",0,795
"738","ADPF","1054",2023-04-10,2025-06-06,"Não",0,788
"739","ADPF","1055",2023-04-10,2025-06-06,"Não",0,788
"740","ADPF","1056",2023-04-10,2023-12-18,"Não",1,252
"741","ADPF","1057",2023-04-14,2025-06-06,"Não",0,784
"742","ADPF","1058",2023-04-14,2025-06-06,"Não",0,784
"743","ADPF","1059",2023-04-18,2025-06-06,"Não",0,780
"744","ADPF","1060",2023-04-26,2025-06-06,"Sim",0,772
"745","ADPF","1061",2023-04-27,2024-02-22,"Não",1,301
"746","ADPF","1062",2023-05-05,2023-06-06,"Não",1,32
"747","ADPF","1063",2023-05-11,2024-02-14,"Não",1,279
"748","ADPF","1064",2023-05-15,2024-10-16,"Sim",1,520
"749","ADPF","1065",2023-05-19,2023-09-13,"Não",1,117
"750","ADPF","1066",2023-05-22,2025-05-26,"Não",1,735
"751","ADPF","1067",2023-05-24,2024-02-22,"Não",1,274
"752","ADPF","1068",2023-05-24,2025-06-06,"Sim",0,744
"753","ADPF","1069",2023-06-01,2025-02-25,"Não",1,635
"754","ADPF","1070",2023-06-06,2024-04-24,"Não",1,323
"755","ADPF","1071",2023-06-07,2024-09-10,"Sim",1,461
"756","ADPF","1072",2023-06-09,2024-05-22,"Não",1,348
"757","ADPF","1073",2023-06-13,2024-03-08,"Não",1,269
"758","ADPF","1074",2023-06-15,2023-08-23,"Não",1,69
"759","ADPF","1075",2023-06-19,2025-06-06,"Sim",0,718
"760","ADPF","1076",2023-06-20,2025-06-06,"Não",0,717
"761","ADPF","1077",2023-06-30,2025-06-06,"Não",0,707
"762","ADPF","1078",2023-07-04,2024-08-09,"Sim",1,402
"763","ADPF","1079",2023-07-06,2025-06-06,"Não",0,701
"764","ADPF","1080",2023-07-07,2023-09-28,"Não",1,83
"765","ADPF","1081",2023-07-14,2025-06-06,"Não",0,693
"766","ADPF","1082",2023-07-14,2024-04-15,"Sim",1,276
"767","ADPF","1083",2023-07-28,2025-06-06,"Não",0,679
"768","ADPF","1084",2023-08-28,2023-10-30,"Não",1,63
"769","ADPF","1085",2023-09-03,2024-03-26,"Não",1,205
"770","ADPF","1086",2023-09-19,2024-04-09,"Sim",1,203
"771","ADPF","1087",2023-09-22,2025-06-06,"Não",0,623
"772","ADPF","1088",2023-09-22,2024-03-15,"Não",1,175
"773","ADPF","1089",2023-09-29,2024-10-25,"Não",1,392
"774","ADPF","1090",2023-10-03,2025-06-06,"Não",0,612
"775","ADPF","1091",2023-10-11,2024-04-26,"Não",1,198
"776","ADPF","1092",2023-10-24,2025-06-06,"Não",0,591
"777","ADPF","1093",2023-10-27,2025-02-14,"Sim",1,476
"778","ADPF","1094",2023-11-13,2024-06-10,"Não",1,210
"779","ADPF","1095",2023-11-14,2025-06-06,"Não",0,570
"780","ADPF","1096",2023-11-16,2024-08-19,"Não",1,277
"781","ADPF","1097",2023-11-16,2025-06-06,"Não",0,568
"782","ADPF","1098",2023-11-20,2024-04-16,"Não",1,148
"783","ADPF","1099",2023-11-24,2025-05-07,"Não",1,530
"784","ADPF","1100",2023-11-24,2025-06-06,"Não",0,560
"785","ADPF","1101",2023-11-30,2025-06-06,"Não",0,554
"786","ADPF","1102",2023-12-05,2025-06-06,"Não",0,549
"787","ADPF","1103",2023-12-06,2025-06-06,"Não",0,548
"788","ADPF","1104",2023-12-07,2025-06-06,"Não",0,547
"789","ADPF","1105",2023-12-13,2025-06-06,"Não",0,541
"790","ADPF","1106",2023-12-14,2025-06-06,"Não",0,540
"791","ADPF","1107",2023-12-14,2024-09-03,"Não",1,264
"792","ADPF","1108",2023-12-15,2025-06-06,"Não",0,539
"793","ADPF","1109",2023-12-18,2024-03-22,"Não",1,95
"794","ADPF","1110",2023-12-18,2025-06-06,"Não",0,536
"795","ADPF","1111",2023-12-18,2023-12-18,"Não",1,0
"796","ADPF","1112",2023-12-19,2024-04-10,"Não",1,113
"797","ADPF","1113",2023-12-19,2024-05-22,"Não",1,155
"798","ADPF","1114",2023-12-27,2024-08-23,"Não",1,240
"799","ADPF","1115",2024-01-10,2025-06-06,"Não",0,513
"800","ADPF","1116",2024-01-10,2025-06-06,"Não",0,513
"801","ADPF","1117",2024-01-12,2025-06-06,"Sim",0,511
"802","ADPF","1118",2024-01-15,2025-06-06,"Não",0,508
"803","ADPF","1119",2024-01-15,2025-06-06,"Sim",0,508
"804","ADPF","1120",2024-01-16,2024-03-07,"Não",1,51
"805","ADPF","1121",2024-01-16,2024-04-17,"Não",1,92
"806","ADPF","1122",2024-01-29,2025-06-06,"Não",0,494
"807","ADPF","1123",2024-02-14,2025-06-06,"Não",0,478
"808","ADPF","1124",2024-02-19,2024-04-18,"Não",1,59
"809","ADPF","1125",2024-02-22,2024-12-09,"Não",1,291
"810","ADPF","1126",2024-02-23,2025-06-06,"Não",0,469
"811","ADPF","1127",2024-02-26,2024-12-11,"Sim",1,289
"812","ADPF","1128",2024-02-27,2025-06-06,"Não",0,465
"813","ADPF","1129",2024-02-28,2024-03-26,"Não",1,27
"814","ADPF","1130",2024-02-29,2025-06-06,"Não",0,463
"815","ADPF","1131",2024-03-04,2024-04-09,"Não",1,36
"816","ADPF","1132",2024-03-04,2025-06-06,"Não",0,459
"817","ADPF","1133",2024-03-05,2024-10-17,"Não",1,226
"818","ADPF","1134",2024-03-13,2025-03-05,"Não",1,357
"819","ADPF","1135",2024-03-18,2024-08-30,"Não",1,165
"820","ADPF","1136",2024-03-26,2024-09-04,"Não",1,162
"821","ADPF","1137",2024-03-26,2025-06-06,"Não",0,437
"822","ADPF","1138",2024-04-01,2025-06-06,"Não",0,431
"823","ADPF","1139",2024-04-04,2024-05-28,"Não",1,54
"824","ADPF","1140",2024-04-05,2025-02-25,"Sim",1,326
"825","ADPF","1141",2024-04-10,2025-06-06,"Não",0,422
"826","ADPF","1142",2024-04-12,2024-05-13,"Não",1,31
"827","ADPF","1143",2024-04-16,2025-06-06,"Não",0,416
"828","ADPF","1144",2024-04-19,2025-06-06,"Não",0,413
"829","ADPF","1145",2024-04-22,2025-02-05,"Não",1,289
"830","ADPF","1146",2024-04-25,2024-06-18,"Não",1,54
"831","ADPF","1147",2024-04-29,2025-06-06,"Sim",0,403
"832","ADPF","1148",2024-05-06,2025-06-06,"Não",0,396
"833","ADPF","1149",2024-05-14,2025-06-06,"Não",0,388
"834","ADPF","1150",2024-05-14,2024-05-14,"Não",1,0
"835","ADPF","1151",2024-05-14,2025-02-04,"Sim",1,266
"836","ADPF","1152",2024-05-14,2025-03-14,"Não",1,304
"837","ADPF","1153",2024-05-14,2024-05-14,"Não",1,0
"838","ADPF","1154",2024-05-14,2025-06-06,"Não",0,388
"839","ADPF","1155",2024-05-14,2025-06-06,"Não",0,388
"840","ADPF","1156",2024-05-14,2025-02-26,"Não",1,288
"841","ADPF","1157",2024-05-14,2025-06-06,"Não",0,388
"842","ADPF","1158",2024-05-14,2025-05-19,"Não",1,370
"843","ADPF","1159",2024-05-14,2025-06-06,"Não",0,388
"844","ADPF","1160",2024-05-14,2025-02-04,"Sim",1,266
"845","ADPF","1161",2024-05-14,2025-02-04,"Não",1,266
"846","ADPF","1162",2024-05-14,2025-05-19,"Não",1,370
"847","ADPF","1163",2024-05-14,2025-06-06,"Não",0,388
"848","ADPF","1164",2024-05-14,2025-05-19,"Não",1,370
"849","ADPF","1165",2024-05-14,2025-02-21,"Não",1,283
"850","ADPF","1166",2024-05-14,2024-11-28,"Sim",1,198
"851","ADPF","1167",2024-05-22,2025-06-06,"Não",0,380
"852","ADPF","1168",2024-05-28,2025-06-06,"Não",0,374
"853","ADPF","1169",2024-05-29,2025-06-06,"Não",0,373
"854","ADPF","1170",2024-05-29,2025-06-06,"Sim",0,373
"855","ADPF","1171",2024-05-29,2025-06-06,"Sim",0,373
"856","ADPF","1172",2024-05-29,2025-06-06,"Não",0,373
"857","ADPF","1173",2024-05-29,2025-06-06,"Sim",0,373
"858","ADPF","1174",2024-06-04,2025-06-06,"Não",0,367
"859","ADPF","1175",2024-06-04,2025-06-06,"Sim",0,367
"860","ADPF","1176",2024-06-07,2025-06-06,"Não",0,364
"861","ADPF","1177",2024-06-11,2024-08-20,"Não",1,70
"862","ADPF","1178",2024-06-12,2025-06-06,"Sim",0,359
"863","ADPF","1179",2024-06-27,2025-06-06,"Não",0,344
"864","ADPF","1180",2024-07-15,2025-06-06,"Não",0,326
"865","ADPF","1181",2024-07-16,2025-06-06,"Não",0,325
"866","ADPF","1182",2024-07-17,2025-06-06,"Não",0,324
"867","ADPF","1183",2024-07-30,2025-06-06,"Não",0,311
"868","ADPF","1184",2024-08-09,2025-06-06,"Não",0,301
"869","ADPF","1185",2024-08-12,2025-06-06,"Sim",0,298
"870","ADPF","1186",2024-08-22,2025-06-06,"Não",0,288
"871","ADPF","1187",2024-08-31,2025-06-06,"Não",0,279
"872","ADPF","1188",2024-09-02,2025-06-06,"Não",0,277
"873","ADPF","1189",2024-09-03,2025-06-06,"Não",0,276
"874","ADPF","1190",2024-09-03,2024-11-21,"Não",1,79
"875","ADPF","1191",2024-09-09,2025-06-06,"Não",0,270
"876","ADPF","1192",2024-10-07,2025-06-06,"Não",0,242
"877","ADPF","1193",2024-11-06,2025-06-06,"Não",0,212
"878","ADPF","1194",2024-11-08,2025-06-06,"Não",0,210
"879","ADPF","1195",2024-11-08,2025-02-21,"Não",1,105
"880","ADPF","1196",2024-11-18,2025-06-06,"Não",0,200
"881","ADPF","1197",2024-11-21,2025-06-06,"Não",0,197
"882","ADPF","1198",2024-12-03,2025-03-27,"Não",1,114
"883","ADPF","1199",2024-12-03,2025-06-06,"Não",0,185
"884","ADPF","1200",2024-12-10,2025-06-06,"Não",0,178
"885","ADPF","1201",2024-12-18,2025-06-06,"Não",0,170
"886","ADPF","1202",2024-12-23,2025-02-25,"Não",1,64
"887","ADPF","1203",2024-12-30,2025-02-25,"Não",1,57
