"","classe","numero","data_autuacao","data_baixa","evento","tempo"
"1","ADPF","1",2000-01-27,2003-12-01,1,1404
"2","ADPF","2",2000-03-03,2011-01-04,1,3959
"3","ADPF","3",2000-04-11,2004-03-19,1,1438
"4","ADPF","4",2000-04-28,2006-10-06,1,2352
"5","ADPF","5",2000-08-08,2000-09-18,1,41
"6","ADPF","6",2000-08-23,2014-12-03,1,5215
"7","ADPF","7",2000-09-22,2015-11-16,1,5533
"8","ADPF","8",2000-11-21,2006-05-25,1,2011
"9","ADPF","9",2000-11-22,2011-02-24,1,3746
"10","ADPF","10",2000-12-05,2019-09-11,1,6854
"11","ADPF","11",2001-01-30,2007-10-25,1,2459
"12","ADPF","12",2001-03-19,2001-05-16,1,58
"13","ADPF","13",2001-03-28,2001-04-24,1,27
"14","ADPF","14",2001-04-23,2014-05-15,1,4770
"15","ADPF","15",2001-08-21,2006-03-14,1,1666
"16","ADPF","16",2001-08-30,2012-04-25,1,3891
"17","ADPF","17",2001-09-20,2003-03-12,1,538
"18","ADPF","18",2001-09-21,2002-08-16,1,329
"19","ADPF","19",2001-10-03,2002-01-18,1,107
"20","ADPF","20",2001-10-09,2001-11-20,1,42
"21","ADPF","21",2001-10-11,2002-03-19,1,159
"22","ADPF","22",2001-10-11,2004-03-23,1,894
"23","ADPF","23",2001-10-11,2002-03-20,1,160
"24","ADPF","24",2001-11-19,2020-09-14,1,6874
"25","ADPF","25",2001-12-17,2002-08-19,1,245
"26","ADPF","26",2001-12-21,2017-12-07,1,5830
"27","ADPF","27",2002-01-25,2002-04-15,1,80
"28","ADPF","28",2002-01-25,2002-08-19,1,206
"29","ADPF","29",2002-03-04,2002-04-04,1,31
"30","ADPF","30",2002-03-12,2002-04-15,1,34
"31","ADPF","31",2002-03-12,2002-04-15,1,34
"32","ADPF","32",2002-05-16,2002-07-17,1,62
"33","ADPF","33",2002-07-08,2008-05-16,1,2139
"34","ADPF","34",2002-08-14,2016-06-30,1,5069
"35","ADPF","35",2002-08-14,2004-04-02,1,597
"36","ADPF","36",2002-08-27,2023-05-23,1,7574
"37","ADPF","37",2003-01-02,2010-03-30,1,2644
"38","ADPF","38",2003-02-20,2003-07-28,1,158
"39","ADPF","39",2003-02-25,2007-11-08,1,1717
"40","ADPF","40",2003-04-09,2015-10-21,1,4578
"41","ADPF","41",2003-04-23,2020-10-05,1,6375
"42","ADPF","42",2003-06-30,2006-05-15,1,1050
"43","ADPF","43",2003-08-06,2004-02-17,1,195
"44","ADPF","44",2003-09-18,2003-10-09,1,21
"45","ADPF","45",2003-10-15,2004-05-17,1,215
"46","ADPF","46",2003-11-14,2011-09-28,1,2875
"47","ADPF","47",2004-01-14,2008-05-07,1,1575
"48","ADPF","48",2004-02-16,2004-03-11,1,24
"49","ADPF","49",2004-03-30,2008-02-21,1,1423
"50","ADPF","50",2004-04-06,2006-03-14,1,707
"51","ADPF","51",2004-04-29,2015-10-29,1,4200
"52","ADPF","52",2004-05-05,2006-06-14,1,770
"53","ADPF","53",2004-06-11,2022-10-07,1,6692
"54","ADPF","54",2004-06-17,2013-05-10,1,3249
"55","ADPF","55",2004-06-29,2007-09-10,1,1168
"56","ADPF","56",2004-08-23,2005-07-25,1,336
"57","ADPF","57",2004-09-20,2004-10-18,1,28
"58","ADPF","58",2004-12-03,2005-11-11,1,343
"59","ADPF","59",2004-12-06,2023-02-14,1,6644
"60","ADPF","60",2004-12-09,2005-02-16,1,69
"61","ADPF","61",2004-12-09,2005-02-16,1,69
"62","ADPF","62",2004-12-17,2005-02-16,1,61
"63","ADPF","63",2005-01-28,2010-03-10,1,1867
"64","ADPF","64",2005-02-01,2005-06-27,1,146
"65","ADPF","65",2005-02-02,2015-11-19,1,3942
"66","ADPF","66",2005-03-08,2005-04-07,1,30
"67","ADPF","67",2005-03-28,2021-08-24,1,5993
"68","ADPF","68",2005-03-31,2019-10-28,1,5324
"69","ADPF","69",2005-04-15,2005-05-19,1,34
"70","ADPF","70",2005-04-18,2025-06-06,0,7354
"71","ADPF","71",2005-05-05,2019-08-19,1,5219
"72","ADPF","72",2005-05-20,2006-01-03,1,228
"73","ADPF","73",2005-05-30,2007-05-28,1,728
"74","ADPF","74",2005-06-29,2007-02-12,1,593
"75","ADPF","75",2005-07-05,2006-06-23,1,353
"76","ADPF","76",2005-07-20,2021-11-11,1,5958
"77","ADPF","77",2005-07-25,2020-05-15,1,5408
"78","ADPF","78",2005-07-27,2005-09-27,1,62
"79","ADPF","79",2005-07-28,2021-08-12,1,5859
"80","ADPF","80",2005-08-09,2015-04-30,1,3551
"81","ADPF","81",2005-08-16,2015-11-11,1,3739
"82","ADPF","82",2005-09-28,2015-11-05,1,3690
"83","ADPF","83",2005-12-02,2011-11-29,1,2188
"84","ADPF","84",2005-12-13,2020-06-17,1,5300
"85","ADPF","85",2005-12-16,2006-03-02,1,76
"86","ADPF","86",2005-12-19,2006-08-09,1,233
"87","ADPF","87",2006-02-16,2020-09-28,1,5338
"88","ADPF","88",2006-02-21,2022-11-15,1,6111
"89","ADPF","89",2006-03-16,2006-04-17,1,32
"90","ADPF","90",2006-03-21,2020-07-09,1,5224
"91","ADPF","91",2006-04-27,2006-06-02,1,36
"92","ADPF","92",2006-04-27,2006-05-19,1,22
"93","ADPF","93",2006-05-02,2009-10-15,1,1262
"94","ADPF","94",2006-05-10,2019-08-13,1,4843
"95","ADPF","95",2006-05-17,2020-11-26,1,5307
"96","ADPF","96",2006-06-28,2013-03-21,1,2458
"97","ADPF","97",2006-07-11,2014-12-19,1,3083
"98","ADPF","98",2006-07-18,2019-10-28,1,4850
"99","ADPF","99",2006-07-25,2010-03-16,1,1330
"100","ADPF","100",2006-09-14,2009-02-13,1,883
"101","ADPF","101",2006-09-22,2012-06-20,1,2098
"102","ADPF","102",2006-10-02,2007-06-27,1,268
"103","ADPF","103",2006-10-09,2007-03-22,1,164
"104","ADPF","104",2006-11-14,2006-12-12,1,28
"105","ADPF","105",2006-11-16,2012-04-10,1,1972
"106","ADPF","106",2006-12-07,2007-06-29,1,204
"107","ADPF","107",2007-02-01,2007-03-13,1,40
"108","ADPF","108",2007-03-30,2007-05-04,1,35
"109","ADPF","109",2007-04-10,2023-08-23,1,5979
"110","ADPF","110",2007-04-13,2007-08-09,1,118
"111","ADPF","111",2007-05-16,2007-10-16,1,153
"112","ADPF","112",2007-05-29,2019-09-09,1,4486
"113","ADPF","113",2007-05-31,2015-02-19,1,2821
"114","ADPF","114",2007-06-20,2019-11-04,1,4520
"115","ADPF","116",2007-06-25,2025-06-06,0,6556
"116","ADPF","117",2007-06-26,2008-03-05,1,253
"117","ADPF","118",2007-06-27,2019-10-28,1,4506
"118","ADPF","119",2007-08-15,2010-04-16,1,975
"119","ADPF","120",2007-09-04,2007-10-05,1,31
"120","ADPF","121",2007-09-13,2008-07-10,1,301
"121","ADPF","122",2007-09-17,2007-10-29,1,42
"122","ADPF","123",2007-09-25,2017-06-19,1,3555
"123","ADPF","124",2007-10-04,2007-11-19,1,46
"124","ADPF","125",2007-10-11,2015-08-14,1,2864
"125","ADPF","126",2007-12-10,2013-03-13,1,1920
"126","ADPF","127",2007-12-18,2017-05-08,1,3429
"127","ADPF","128",2007-12-18,2008-07-07,1,202
"128","ADPF","129",2008-02-12,2020-02-03,1,4374
"129","ADPF","130",2008-02-19,2011-05-06,1,1172
"130","ADPF","131",2008-02-19,2021-12-21,1,5054
"131","ADPF","132",2008-02-27,2014-12-01,1,2469
"132","ADPF","133",2008-03-06,2019-10-29,1,4254
"133","ADPF","134",2008-03-11,2009-09-09,1,547
"134","ADPF","135",2008-03-13,2008-04-24,1,42
"135","ADPF","136",2008-03-24,2008-04-30,1,37
"136","ADPF","137",2008-03-28,2010-09-22,1,908
"137","ADPF","138",2008-04-01,2008-06-20,1,80
"138","ADPF","139",2008-04-02,2014-02-25,1,2155
"139","ADPF","140",2008-04-08,2008-10-15,1,190
"140","ADPF","141",2008-05-21,2010-07-08,1,778
"141","ADPF","142",2008-05-21,2019-11-05,1,4185
"142","ADPF","143",2008-06-13,2009-01-05,1,206
"143","ADPF","144",2008-06-26,2010-04-12,1,655
"144","ADPF","145",2008-07-08,2017-09-22,1,3363
"145","ADPF","146",2008-08-05,2009-03-23,1,230
"146","ADPF","147",2008-08-05,2011-04-28,1,996
"147","ADPF","148",2008-08-29,2009-02-25,1,180
"148","ADPF","149",2008-09-03,2022-10-07,1,5147
"149","ADPF","150",2008-09-03,2008-09-25,1,22
"150","ADPF","151",2008-09-04,2019-05-03,1,3893
"151","ADPF","152",2008-09-05,2019-09-09,1,4021
"152","ADPF","153",2008-10-21,2025-06-06,0,6072
"153","ADPF","154",2008-11-14,2014-12-12,1,2219
"154","ADPF","155",2008-11-24,2017-05-19,1,3098
"155","ADPF","156",2008-12-05,2012-03-15,1,1196
"156","ADPF","157",2008-12-12,2019-11-04,1,3979
"157","ADPF","158",2008-12-18,2015-06-18,1,2373
"158","ADPF","159",2008-12-18,2009-10-22,1,308
"159","ADPF","160",2008-12-29,2018-11-26,1,3619
"160","ADPF","161",2009-01-08,2018-06-28,1,3458
"161","ADPF","162",2009-01-16,2010-04-12,1,451
"162","ADPF","163",2009-01-29,2009-02-19,1,21
"163","ADPF","164",2009-02-16,2020-02-21,1,4022
"164","ADPF","165",2009-03-05,2025-06-06,0,5937
"165","ADPF","166",2009-03-24,2010-03-26,1,367
"166","ADPF","167",2009-04-02,2020-11-06,1,4236
"167","ADPF","168",2009-05-05,2009-06-24,1,50
"168","ADPF","169",2009-05-06,2013-10-25,1,1633
"169","ADPF","170",2009-05-11,2018-08-24,1,3392
"170","ADPF","171",2009-05-25,2022-08-09,1,4824
"171","ADPF","172",2009-06-02,2009-09-14,1,104
"172","ADPF","173",2009-06-03,2018-03-15,1,3207
"173","ADPF","174",2009-06-15,2014-06-24,1,1835
"174","ADPF","175",2009-06-18,2023-10-14,1,5231
"175","ADPF","176",2009-06-23,2014-12-16,1,2002
"176","ADPF","177",2009-07-02,2023-02-09,1,4970
"177","ADPF","178",2009-07-02,2009-07-23,1,21
"178","ADPF","179",2009-07-06,2019-09-02,1,3710
"179","ADPF","180",2009-07-09,2009-08-10,1,32
"180","ADPF","181",2009-07-09,2020-09-24,1,4095
"181","ADPF","182",2009-07-10,2020-06-03,1,3981
"182","ADPF","183",2009-07-14,2020-02-10,1,3863
"183","ADPF","184",2009-07-17,2009-11-09,1,115
"184","ADPF","185",2009-07-17,2019-09-04,1,3701
"185","ADPF","186",2009-07-20,2014-11-05,1,1934
"186","ADPF","187",2009-07-21,2014-06-17,1,1792
"187","ADPF","188",2009-09-01,2022-09-30,1,4777
"188","ADPF","189",2009-09-08,2024-10-25,1,5526
"189","ADPF","190",2009-09-08,2017-05-16,1,2807
"190","ADPF","191",2009-09-17,2009-10-13,1,26
"191","ADPF","192",2009-09-21,2015-09-28,1,2198
"192","ADPF","193",2009-09-29,2019-03-08,1,3447
"193","ADPF","194",2009-10-09,2020-10-22,1,4031
"194","ADPF","195",2009-10-28,2018-11-29,1,3319
"195","ADPF","196",2009-11-06,2018-08-13,1,3202
"196","ADPF","197",2009-11-13,2010-02-04,1,83
"197","ADPF","198",2009-11-13,2020-10-16,1,3990
"198","ADPF","199",2009-11-17,2019-07-04,1,3516
"199","ADPF","200",2009-11-06,2015-02-20,1,1932
"200","ADPF","201",2009-11-20,2024-02-23,1,5208
"201","ADPF","202",2009-12-02,2011-02-16,1,441
"202","ADPF","203",2009-12-14,2018-05-30,1,3089
"203","ADPF","204",2009-12-14,2020-08-20,1,3902
"204","ADPF","205",2010-01-08,2017-08-18,1,2779
"205","ADPF","206",2010-01-08,2020-04-13,1,3748
"206","ADPF","207",2010-03-03,2011-05-06,1,429
"207","ADPF","208",2010-03-11,2010-05-12,1,62
"208","ADPF","209",2010-03-17,2023-10-06,1,4951
"209","ADPF","210",2010-03-18,2013-08-06,1,1237
"210","ADPF","211",2010-04-14,2017-04-25,1,2568
"211","ADPF","212",2010-04-27,2010-06-09,1,43
"212","ADPF","214",2010-05-27,2010-08-19,1,84
"213","ADPF","215",2010-07-15,2021-02-10,1,3863
"214","ADPF","216",2010-08-20,2020-04-14,1,3525
"215","ADPF","217",2010-09-10,2011-04-26,1,228
"216","ADPF","218",2010-09-23,2025-05-20,1,5353
"217","ADPF","219",2010-10-25,2025-06-06,0,5338
"218","ADPF","220",2010-10-29,2010-11-29,1,31
"219","ADPF","221",2010-11-18,2021-10-15,1,3984
"220","ADPF","222",2010-12-09,2019-10-18,1,3235
"221","ADPF","223",2010-12-28,2023-06-02,1,4539
"222","ADPF","224",2011-02-03,2017-11-30,1,2492
"223","ADPF","225",2011-02-24,2011-02-24,1,0
"224","ADPF","226",2011-03-06,2011-08-08,1,155
"225","ADPF","227",2011-03-30,2021-05-25,1,3709
"226","ADPF","228",2011-04-04,2011-08-24,1,142
"227","ADPF","229",2011-04-04,2012-03-30,1,361
"228","ADPF","233",2011-04-19,2019-09-02,1,3058
"229","ADPF","234",2011-05-04,2025-06-06,0,5147
"230","ADPF","235",2011-05-20,2019-09-17,1,3042
"231","ADPF","236",2011-06-16,2018-12-19,1,2743
"232","ADPF","237",2011-06-22,2014-11-10,1,1237
"233","ADPF","238",2011-07-28,2011-11-09,1,104
"234","ADPF","239",2011-08-17,2012-06-04,1,292
"235","ADPF","240",2011-09-20,2013-10-29,1,770
"236","ADPF","241",2011-09-22,2019-02-21,1,2709
"237","ADPF","242",2011-09-23,2020-08-25,1,3259
"238","ADPF","243",2011-09-30,2016-07-19,1,1754
"239","ADPF","244",2011-11-07,2011-12-05,1,28
"240","ADPF","245",2011-12-09,2018-03-23,1,2296
"241","ADPF","246",2011-12-15,2025-06-06,0,4922
"242","ADPF","247",2012-01-25,2018-11-07,1,2478
"243","ADPF","248",2012-02-02,2025-06-06,0,4873
"244","ADPF","249",2012-02-16,2014-09-19,1,946
"245","ADPF","250",2012-03-09,2019-11-04,1,2796
"246","ADPF","251",2012-03-27,2013-10-29,1,581
"247","ADPF","252",2012-03-28,2016-10-05,1,1652
"248","ADPF","253",2012-04-17,2020-10-08,1,3096
"249","ADPF","254",2012-05-04,2017-08-17,1,1931
"250","ADPF","255",2012-06-22,2015-08-12,1,1146
"251","ADPF","256",2012-06-22,2013-09-19,1,454
"252","ADPF","257",2012-06-22,2013-09-19,1,454
"253","ADPF","258",2012-06-22,2013-09-19,1,454
"254","ADPF","259",2012-06-22,2013-09-19,1,454
"255","ADPF","260",2012-07-04,2018-08-21,1,2239
"256","ADPF","261",2012-07-06,2018-03-20,1,2083
"257","ADPF","262",2012-07-12,2021-10-06,1,3373
"258","ADPF","263",2012-07-12,2021-11-19,1,3417
"259","ADPF","264",2012-08-08,2016-02-19,1,1290
"260","ADPF","265",2012-08-24,2016-10-04,1,1502
"261","ADPF","266",2012-09-13,2017-06-08,1,1729
"262","ADPF","267",2012-10-08,2012-10-09,1,1
"263","ADPF","268",2012-10-08,2012-10-09,1,1
"264","ADPF","269",2012-10-25,2021-04-29,1,3108
"265","ADPF","270",2012-11-30,2018-05-28,1,2005
"266","ADPF","271",2012-12-07,2015-03-31,1,844
"267","ADPF","272",2013-02-05,2021-04-29,1,3005
"268","ADPF","273",2013-04-30,2017-08-28,1,1581
"269","ADPF","274",2013-04-30,2020-12-02,1,2773
"270","ADPF","275",2013-05-29,2019-08-14,1,2268
"271","ADPF","276",2013-06-10,2020-09-08,1,2647
"272","ADPF","277",2013-06-10,2020-06-09,1,2556
"273","ADPF","278",2013-06-14,2015-02-20,1,616
"274","ADPF","279",2013-06-17,2022-03-25,1,3203
"275","ADPF","280",2013-06-17,2017-06-08,1,1452
"276","ADPF","281",2013-06-17,2020-10-28,1,2690
"277","ADPF","282",2013-06-17,2023-06-09,1,3644
"278","ADPF","283",2013-06-21,2019-09-12,1,2274
"279","ADPF","284",2013-07-03,2020-12-02,1,2709
"280","ADPF","285",2013-07-05,2019-08-29,1,2246
"281","ADPF","286",2013-07-24,2020-06-03,1,2506
"282","ADPF","287",2013-08-05,2014-08-13,1,373
"283","ADPF","288",2013-08-12,2013-11-06,1,86
"284","ADPF","289",2013-08-14,2025-06-06,0,4314
"285","ADPF","290",2013-09-09,2020-12-04,1,2643
"286","ADPF","291",2013-09-10,2016-06-10,1,1004
"287","ADPF","292",2013-09-17,2020-08-14,1,2523
"288","ADPF","293",2013-09-17,2025-06-06,0,4280
"289","ADPF","294",2013-10-16,2013-11-06,1,21
"290","ADPF","304",2013-11-07,2017-12-15,1,1499
"291","ADPF","305",2013-11-11,2021-08-12,1,2831
"292","ADPF","306",2013-11-14,2021-06-18,1,2773
"293","ADPF","307",2013-11-21,2014-05-14,1,174
"294","ADPF","308",2013-11-29,2013-12-18,1,19
"295","ADPF","309",2013-12-10,2025-06-06,0,4196
"296","ADPF","310",2013-12-16,2020-05-04,1,2331
"297","ADPF","311",2013-12-17,2017-03-08,1,1177
"298","ADPF","312",2013-12-17,2021-08-12,1,2795
"299","ADPF","313",2013-12-17,2014-02-12,1,57
"300","ADPF","314",2013-12-19,2015-03-06,1,442
"301","ADPF","315",2014-01-16,2014-01-16,1,0
"302","ADPF","316",2014-01-22,2025-05-27,1,4143
"303","ADPF","317",2014-02-10,2016-06-21,1,862
"304","ADPF","318",2014-02-24,2014-10-23,1,241
"305","ADPF","319",2014-04-03,2015-02-18,1,321
"306","ADPF","320",2014-05-15,2025-06-06,0,4040
"307","ADPF","321",2014-05-25,2025-06-06,0,4030
"308","ADPF","322",2014-05-30,2025-06-06,0,4025
"309","ADPF","323",2014-06-27,2022-09-26,1,3013
"310","ADPF","324",2014-08-25,2021-10-01,1,2594
"311","ADPF","325",2014-08-27,2022-05-06,1,2809
"312","ADPF","326",2014-09-09,2016-03-07,1,545
"313","ADPF","327",2014-09-16,2014-11-06,1,51
"314","ADPF","328",2014-10-03,2021-08-12,1,2505
"315","ADPF","329",2014-12-02,2015-02-18,1,78
"316","ADPF","330",2015-01-16,2020-04-06,1,1907
"317","ADPF","331",2015-02-04,2015-02-05,1,1
"318","ADPF","332",2015-02-20,2019-08-30,1,1652
"319","ADPF","333",2015-02-26,2015-06-09,1,103
"320","ADPF","334",2015-03-09,2023-06-05,1,3010
"321","ADPF","335",2015-03-13,2021-09-27,1,2390
"322","ADPF","336",2015-03-17,2021-05-19,1,2255
"323","ADPF","337",2015-03-23,2019-08-09,1,1600
"324","ADPF","338",2015-03-23,2025-06-06,0,3728
"325","ADPF","339",2015-03-26,2016-08-16,1,509
"326","ADPF","340",2015-04-08,2019-06-07,1,1521
"327","ADPF","341",2015-04-09,2023-03-10,1,2892
"328","ADPF","342",2015-04-16,2025-06-06,0,3704
"329","ADPF","343",2015-05-07,2016-11-24,1,567
"330","ADPF","344",2015-05-07,2020-09-23,1,1966
"331","ADPF","345",2015-05-16,2015-06-16,1,31
"332","ADPF","346",2015-05-22,2015-08-13,1,83
"333","ADPF","347",2015-05-27,2025-06-06,0,3663
"334","ADPF","348",2015-06-01,2025-06-06,0,3658
"335","ADPF","349",2015-06-01,2020-09-21,1,1939
"336","ADPF","350",2015-06-16,2016-12-15,1,548
"337","ADPF","351",2015-06-17,2025-06-06,0,3642
"338","ADPF","352",2015-06-17,2015-08-12,1,56
"339","ADPF","353",2015-06-30,2021-09-27,1,2281
"340","ADPF","354",2015-07-02,2016-10-27,1,483
"341","ADPF","355",2015-07-07,2019-10-21,1,1567
"342","ADPF","356",2015-07-27,2018-06-08,1,1047
"343","ADPF","357",2015-07-28,2021-10-18,1,2274
"344","ADPF","358",2015-08-03,2015-10-21,1,79
"345","ADPF","359",2015-08-05,2015-10-22,1,78
"346","ADPF","360",2015-08-06,2019-11-04,1,1551
"347","ADPF","361",2015-08-10,2019-10-09,1,1521
"348","ADPF","362",2015-08-13,2024-05-02,1,3185
"349","ADPF","363",2015-08-18,2015-09-10,1,23
"350","ADPF","364",2015-08-21,2019-10-16,1,1517
"351","ADPF","365",2015-08-24,2018-08-24,1,1096
"352","ADPF","366",2015-08-31,2025-03-14,1,3483
"353","ADPF","367",2015-09-01,2021-03-11,1,2018
"354","ADPF","368",2015-09-02,2021-09-24,1,2214
"355","ADPF","369",2015-09-18,2020-10-28,1,1867
"356","ADPF","370",2015-09-21,2020-10-20,1,1856
"357","ADPF","371",2015-10-07,2016-02-16,1,132
"358","ADPF","372",2015-10-28,2017-04-17,1,537
"359","ADPF","375",2015-11-04,2019-04-22,1,1265
"360","ADPF","376",2015-11-19,2020-05-22,1,1646
"361","ADPF","377",2015-11-23,2017-09-04,1,651
"362","ADPF","378",2015-12-03,2016-08-25,1,266
"363","ADPF","379",2015-12-05,2025-06-06,0,3471
"364","ADPF","380",2016-01-15,2020-06-19,1,1617
"365","ADPF","381",2016-01-19,2023-05-09,1,2667
"366","ADPF","382",2016-01-28,2016-03-10,1,42
"367","ADPF","383",2016-01-28,2016-03-10,1,42
"368","ADPF","384",2016-02-01,2020-10-20,1,1723
"369","ADPF","385",2016-02-15,2017-11-22,1,646
"370","ADPF","386",2016-02-22,2020-11-10,1,1723
"371","ADPF","387",2016-03-01,2017-12-07,1,646
"372","ADPF","388",2016-03-03,2016-08-25,1,175
"373","ADPF","389",2016-03-10,2020-11-02,1,1698
"374","ADPF","390",2016-03-17,2017-09-18,1,550
"375","ADPF","391",2016-03-17,2017-10-09,1,571
"376","ADPF","392",2016-03-30,2017-02-23,1,330
"377","ADPF","393",2016-04-08,2017-05-10,1,397
"378","ADPF","394",2016-04-11,2017-03-16,1,339
"379","ADPF","395",2016-04-11,2019-10-23,1,1290
"380","ADPF","396",2016-04-14,2020-03-19,1,1435
"381","ADPF","397",2016-04-14,2016-05-23,1,39
"382","ADPF","398",2016-04-15,2022-08-31,1,2329
"383","ADPF","399",2016-05-02,2020-06-09,1,1499
"384","ADPF","400",2016-05-02,2025-06-06,0,3322
"385","ADPF","401",2016-05-02,2023-05-08,1,2562
"386","ADPF","402",2016-05-03,2025-06-06,0,3321
"387","ADPF","403",2016-05-03,2025-06-06,0,3321
"388","ADPF","404",2016-05-04,2019-10-07,1,1251
"389","ADPF","405",2016-05-05,2021-08-16,1,1929
"390","ADPF","406",2016-05-06,2017-02-21,1,291
"391","ADPF","407",2016-05-09,2016-06-08,1,30
"392","ADPF","408",2016-05-13,2017-11-17,1,553
"393","ADPF","409",2016-05-23,2016-09-28,1,128
"394","ADPF","410",2016-05-24,2016-06-24,1,31
"395","ADPF","411",2016-05-24,2021-08-18,1,1912
"396","ADPF","412",2016-06-08,2020-03-10,1,1371
"397","ADPF","413",2016-06-16,2018-08-14,1,789
"398","ADPF","414",2016-07-08,2017-03-30,1,265
"399","ADPF","415",2016-07-14,2018-10-01,1,809
"400","ADPF","416",2016-07-19,2017-11-24,1,493
"401","ADPF","417",2016-07-27,2017-08-22,1,391
"402","ADPF","418",2016-07-27,2020-05-15,1,1388
"403","ADPF","419",2016-08-05,2021-09-01,1,1853
"404","ADPF","420",2016-08-05,2025-06-06,0,3227
"405","ADPF","421",2016-08-24,2017-06-16,1,296
"406","ADPF","422",2016-09-13,2025-06-06,0,3188
"407","ADPF","423",2016-10-04,2020-07-09,1,1374
"408","ADPF","424",2016-10-26,2025-06-06,0,3145
"409","ADPF","425",2016-10-31,2018-11-16,1,746
"410","ADPF","426",2016-11-03,2021-11-26,1,1849
"411","ADPF","427",2016-11-04,2022-12-01,1,2218
"412","ADPF","428",2016-11-07,2017-05-26,1,200
"413","ADPF","429",2016-11-09,2025-06-06,0,3131
"414","ADPF","430",2016-11-11,2023-05-19,1,2380
"415","ADPF","431",2016-11-11,2017-03-21,1,130
"416","ADPF","432",2016-11-11,2017-02-13,1,94
"417","ADPF","433",2016-11-17,2025-06-06,0,3123
"418","ADPF","434",2016-11-18,2025-06-06,0,3122
"419","ADPF","435",2016-11-23,2018-10-02,1,678
"420","ADPF","436",2016-11-30,2017-02-24,1,86
"421","ADPF","437",2016-12-20,2020-10-26,1,1406
"422","ADPF","438",2016-12-20,2020-02-07,1,1144
"423","ADPF","439",2017-01-02,2017-06-13,1,162
"424","ADPF","440",2017-02-15,2020-02-10,1,1090
"425","ADPF","441",2017-02-24,2017-08-25,1,182
"426","ADPF","442",2017-03-08,2025-06-06,0,3012
"427","ADPF","443",2017-03-14,2020-05-19,1,1162
"428","ADPF","444",2017-03-14,2020-06-18,1,1192
"429","ADPF","445",2017-03-22,2025-06-06,0,2998
"430","ADPF","446",2017-03-22,2019-11-06,1,959
"431","ADPF","447",2017-03-29,2017-08-23,1,147
"432","ADPF","448",2017-04-05,2020-12-15,1,1350
"433","ADPF","449",2017-04-07,2019-11-04,1,941
"434","ADPF","450",2017-04-18,2019-10-08,1,903
"435","ADPF","451",2017-04-27,2019-02-21,1,665
"436","ADPF","452",2017-05-03,2020-05-27,1,1120
"437","ADPF","453",2017-05-04,2019-12-13,1,953
"438","ADPF","454",2017-05-08,2025-06-06,0,2951
"439","ADPF","455",2017-05-11,2023-08-14,1,2286
"440","ADPF","456",2017-05-16,2017-08-31,1,107
"441","ADPF","457",2017-05-22,2020-06-16,1,1121
"442","ADPF","458",2017-05-23,2019-11-22,1,913
"443","ADPF","459",2017-05-25,2017-08-03,1,70
"444","ADPF","460",2017-06-06,2020-09-11,1,1193
"445","ADPF","461",2017-06-06,2020-10-08,1,1220
"446","ADPF","462",2017-06-06,2024-08-30,1,2642
"447","ADPF","463",2017-06-07,2019-03-08,1,639
"448","ADPF","464",2017-06-08,2018-11-08,1,518
"449","ADPF","465",2017-06-08,2020-10-01,1,1211
"450","ADPF","466",2017-06-08,2025-06-06,0,2920
"451","ADPF","467",2017-06-08,2020-08-14,1,1163
"452","ADPF","468",2017-06-09,2018-06-27,1,383
"453","ADPF","469",2017-06-20,2017-08-24,1,65
"454","ADPF","470",2017-06-22,2022-09-01,1,1897
"455","ADPF","471",2017-06-26,2020-05-26,1,1065
"456","ADPF","472",2017-07-13,2017-11-06,1,116
"457","ADPF","473",2017-07-25,2025-06-06,0,2873
"458","ADPF","474",2017-08-19,2024-09-30,1,2599
"459","ADPF","475",2017-08-19,2023-05-12,1,2092
"460","ADPF","476",2017-08-22,2020-03-20,1,941
"461","ADPF","477",2017-08-24,2019-10-29,1,796
"462","ADPF","478",2017-08-29,2018-02-26,1,181
"463","ADPF","479",2017-08-30,2017-11-21,1,83
"464","ADPF","480",2017-09-15,2018-05-04,1,231
"465","ADPF","481",2017-09-15,2018-08-07,1,326
"466","ADPF","482",2017-09-15,2020-04-06,1,934
"467","ADPF","483",2017-09-21,2019-06-25,1,642
"468","ADPF","484",2017-09-25,2020-11-19,1,1151
"469","ADPF","485",2017-09-25,2021-02-17,1,1241
"470","ADPF","486",2017-10-06,2023-09-06,1,2161
"471","ADPF","487",2017-10-09,2018-03-23,1,165
"472","ADPF","488",2017-10-11,2024-03-04,1,2336
"473","ADPF","489",2017-10-20,2020-04-02,1,895
"474","ADPF","490",2017-10-20,2025-06-06,0,2786
"475","ADPF","491",2017-10-20,2020-06-08,1,962
"476","ADPF","492",2017-10-23,2021-02-08,1,1204
"477","ADPF","493",2017-10-23,2021-02-12,1,1208
"478","ADPF","494",2017-10-27,2023-03-24,1,1974
"479","ADPF","495",2017-10-30,2023-05-26,1,2034
"480","ADPF","496",2017-10-30,2022-11-22,1,1849
"481","ADPF","497",2017-11-21,2019-11-04,1,713
"482","ADPF","498",2017-11-23,2020-06-01,1,921
"483","ADPF","499",2017-11-23,2023-08-09,1,2085
"484","ADPF","500",2017-11-28,2022-05-11,1,1625
"485","ADPF","501",2017-11-30,2022-09-20,1,1755
"486","ADPF","502",2017-12-18,2018-03-19,1,91
"487","ADPF","503",2017-12-13,2019-11-05,1,692
"488","ADPF","504",2017-12-14,2020-12-09,1,1091
"489","ADPF","505",2017-12-21,2018-08-26,1,248
"490","ADPF","506",2017-12-21,2018-04-13,1,113
"491","ADPF","507",2018-01-08,2018-04-13,1,95
"492","ADPF","508",2018-01-19,2020-08-11,1,935
"493","ADPF","509",2018-01-26,2025-06-06,0,2688
"494","ADPF","510",2018-02-06,2018-08-09,1,184
"495","ADPF","511",2018-02-21,2024-04-11,1,2241
"496","ADPF","512",2018-02-23,2024-02-09,1,2177
"497","ADPF","513",2018-03-02,2021-02-17,1,1083
"498","ADPF","514",2018-04-20,2019-10-02,1,530
"499","ADPF","515",2018-05-02,2020-12-09,1,952
"500","ADPF","516",2018-05-10,2019-09-23,1,501
"501","ADPF","517",2018-05-16,2019-10-09,1,511
"502","ADPF","518",2018-05-16,2023-04-28,1,1808
"503","ADPF","519",2018-05-25,2025-06-06,0,2569
"504","ADPF","520",2018-06-07,2018-08-24,1,78
"505","ADPF","521",2018-06-11,2018-09-28,1,109
"506","ADPF","522",2018-06-12,2025-06-06,0,2551
"507","ADPF","523",2018-06-12,2021-03-11,1,1003
"508","ADPF","524",2018-06-15,2023-09-19,1,1922
"509","ADPF","525",2018-06-19,2019-03-28,1,282
"510","ADPF","526",2018-06-25,2020-06-23,1,729
"511","ADPF","527",2018-06-25,2023-11-28,1,1982
"512","ADPF","528",2018-06-26,2022-08-08,1,1504
"513","ADPF","529",2018-06-26,2020-04-29,1,673
"514","ADPF","530",2018-06-27,2020-12-21,1,908
"515","ADPF","531",2018-06-28,2018-09-05,1,69
"516","ADPF","532",2018-07-13,2018-08-31,1,49
"517","ADPF","533",2018-07-23,2022-12-13,1,1604
"518","ADPF","534",2018-07-25,2020-09-28,1,796
"519","ADPF","535",2018-07-30,2021-08-25,1,1122
"520","ADPF","536",2018-08-03,2018-11-09,1,98
"521","ADPF","537",2018-08-16,2018-09-27,1,42
"522","ADPF","538",2018-08-30,2019-08-30,1,365
"523","ADPF","539",2018-09-10,2021-03-16,1,918
"524","ADPF","540",2018-09-12,2019-04-05,1,205
"525","ADPF","541",2018-09-19,2019-06-04,1,258
"526","ADPF","542",2018-09-25,2020-11-13,1,780
"527","ADPF","543",2018-09-27,2019-03-13,1,167
"528","ADPF","544",2018-10-09,2022-06-27,1,1357
"529","ADPF","545",2018-10-11,2019-04-08,1,179
"530","ADPF","546",2018-10-17,2023-02-27,1,1594
"531","ADPF","547",2018-10-17,2021-06-30,1,987
"532","ADPF","548",2018-10-26,2020-06-24,1,607
"533","ADPF","549",2018-10-30,2020-10-05,1,706
"534","ADPF","550",2018-11-09,2024-03-20,1,1958
"535","ADPF","551",2018-11-19,2019-03-05,1,106
"536","ADPF","552",2018-11-20,2019-09-09,1,293
"537","ADPF","553",2018-11-20,2019-05-31,1,192
"538","ADPF","554",2018-11-21,2020-06-10,1,567
"539","ADPF","555",2018-11-23,2020-05-27,1,551
"540","ADPF","556",2018-11-28,2020-08-28,1,639
"541","ADPF","557",2018-12-04,2025-06-06,0,2376
"542","ADPF","558",2018-12-11,2019-02-21,1,72
"543","ADPF","559",2018-12-12,2022-08-12,1,1339
"544","ADPF","560",2018-12-14,2020-03-09,1,451
"545","ADPF","561",2019-01-02,2020-11-26,1,694
"546","ADPF","562",2019-01-14,2019-08-09,1,207
"547","ADPF","563",2019-01-14,2021-03-30,1,806
"548","ADPF","564",2019-01-21,2025-06-06,0,2328
"549","ADPF","565",2019-02-25,2019-08-13,1,169
"550","ADPF","566",2019-02-26,2019-09-23,1,209
"551","ADPF","567",2019-02-28,2021-04-12,1,774
"552","ADPF","568",2019-03-12,2019-10-14,1,216
"553","ADPF","569",2019-03-13,2024-06-17,1,1923
"554","ADPF","570",2019-03-14,2019-09-30,1,200
"555","ADPF","571",2019-03-19,2021-10-13,1,939
"556","ADPF","572",2019-03-25,2020-11-26,1,612
"557","ADPF","573",2019-03-25,2023-05-04,1,1501
"558","ADPF","574",2019-03-28,2021-05-10,1,774
"559","ADPF","575",2019-04-02,2019-05-31,1,59
"560","ADPF","576",2019-04-11,2019-06-13,1,63
"561","ADPF","577",2019-04-12,2019-11-05,1,207
"562","ADPF","578",2019-04-12,2025-06-06,0,2247
"563","ADPF","579",2019-04-24,2021-02-03,1,651
"564","ADPF","580",2019-05-04,2019-08-06,1,94
"565","ADPF","581",2019-05-08,2024-02-16,1,1745
"566","ADPF","582",2019-05-14,2020-10-13,1,518
"567","ADPF","583",2019-05-15,2020-10-15,1,519
"568","ADPF","584",2019-05-17,2020-03-27,1,315
"569","ADPF","585",2019-05-21,2022-05-06,1,1081
"570","ADPF","586",2019-05-23,2024-02-16,1,1730
"571","ADPF","587",2019-05-27,2020-10-06,1,498
"572","ADPF","588",2019-05-28,2022-03-28,1,1035
"573","ADPF","589",2019-05-28,2019-08-07,1,71
"574","ADPF","590",2019-06-12,2020-10-06,1,482
"575","ADPF","591",2019-06-12,2024-11-05,1,1973
"576","ADPF","592",2019-06-14,2024-02-23,1,1715
"577","ADPF","593",2019-06-18,2025-02-14,1,2068
"578","ADPF","594",2019-06-18,2023-02-06,1,1329
"579","ADPF","595",2019-06-19,2020-10-22,1,491
"580","ADPF","596",2019-06-21,2022-08-17,1,1153
"581","ADPF","597",2019-06-24,2020-09-28,1,462
"582","ADPF","598",2019-06-27,2021-08-12,1,777
"583","ADPF","599",2019-06-28,2025-06-06,0,2170
"584","ADPF","600",2019-07-10,2020-10-01,1,449
"585","ADPF","601",2019-07-11,2023-08-10,1,1491
"586","ADPF","602",2019-07-22,2019-09-10,1,50
"587","ADPF","603",2019-07-25,2022-08-22,1,1124
"588","ADPF","604",2019-07-26,2019-08-30,1,35
"589","ADPF","605",2019-07-26,2025-06-06,0,2142
"590","ADPF","606",2019-07-29,2025-06-06,0,2139
"591","ADPF","607",2019-07-31,2022-06-09,1,1044
"592","ADPF","608",2019-08-02,2019-09-12,1,41
"593","ADPF","609",2019-08-06,2020-05-27,1,295
"594","ADPF","610",2019-08-13,2022-11-09,1,1184
"595","ADPF","611",2019-08-15,2019-09-13,1,29
"596","ADPF","612",2019-08-19,2020-10-09,1,417
"597","ADPF","613",2019-08-19,2020-09-01,1,379
"598","ADPF","614",2019-08-27,2021-04-29,1,611
"599","ADPF","615",2019-08-28,2025-06-06,0,2109
"600","ADPF","616",2019-09-02,2022-11-29,1,1184
"601","ADPF","617",2019-09-09,2020-02-12,1,156
"602","ADPF","618",2019-09-09,2025-06-06,0,2097
"603","ADPF","619",2019-09-12,2022-09-17,1,1101
"604","ADPF","620",2019-09-13,2021-03-23,1,557
"605","ADPF","621",2019-09-16,2020-06-16,1,274
"606","ADPF","622",2019-09-16,2021-06-07,1,630
"607","ADPF","623",2019-09-16,2023-08-09,1,1423
"608","ADPF","624",2019-09-17,2020-10-23,1,402
"609","ADPF","625",2019-10-04,2020-02-13,1,132
"610","ADPF","626",2019-10-07,2025-06-06,0,2069
"611","ADPF","627",2019-10-15,2020-11-05,1,387
"612","ADPF","628",2019-10-16,2020-04-22,1,189
"613","ADPF","629",2019-10-18,2020-02-21,1,126
"614","ADPF","630",2019-10-23,2021-05-28,1,583
"615","ADPF","631",2019-10-30,2019-12-05,1,36
"616","ADPF","632",2019-11-12,2020-03-03,1,112
"617","ADPF","633",2019-11-18,2020-04-06,1,140
"618","ADPF","634",2019-11-19,2023-04-24,1,1252
"619","ADPF","635",2019-11-20,2025-06-06,0,2025
"620","ADPF","636",2019-11-26,2020-02-14,1,80
"621","ADPF","637",2019-12-12,2025-06-06,0,2003
"622","ADPF","638",2019-12-13,2022-03-24,1,832
"623","ADPF","639",2019-12-17,2021-08-23,1,615
"624","ADPF","640",2019-12-18,2023-10-30,1,1412
"625","ADPF","641",2019-12-19,2020-10-21,1,307
"626","ADPF","642",2019-12-20,2025-06-06,0,1995
"627","ADPF","643",2020-01-06,2024-03-11,1,1526
"628","ADPF","644",2020-01-08,2024-03-11,1,1524
"629","ADPF","645",2020-01-13,2020-04-30,1,108
"630","ADPF","646",2020-01-24,2022-08-16,1,935
"631","ADPF","647",2020-01-23,2022-03-15,1,782
"632","ADPF","648",2020-02-03,2021-10-04,1,609
"633","ADPF","649",2020-02-05,2022-03-29,1,783
"634","ADPF","650",2020-02-06,2021-02-12,1,372
"635","ADPF","651",2020-02-10,2022-11-09,1,1003
"636","ADPF","652",2020-02-10,2020-03-25,1,44
"637","ADPF","653",2020-02-14,2020-05-04,1,80
"638","ADPF","654",2020-02-20,2020-05-15,1,85
"639","ADPF","655",2020-03-03,2020-11-25,1,267
"640","ADPF","656",2020-03-03,2022-05-25,1,813
"641","ADPF","657",2020-03-08,2025-06-06,0,1916
"642","ADPF","658",2020-03-09,2022-05-25,1,807
"643","ADPF","659",2020-03-23,2022-05-17,1,785
"644","ADPF","660",2020-03-23,2020-04-30,1,38
"645","ADPF","661",2020-03-23,2021-09-28,1,554
"646","ADPF","662",2020-03-24,2022-06-21,1,819
"647","ADPF","663",2020-03-24,2021-09-30,1,555
"648","ADPF","664",2020-03-26,2021-05-13,1,413
"649","ADPF","665",2020-03-26,2022-06-27,1,823
"650","ADPF","666",2020-03-26,2020-06-01,1,67
"651","ADPF","667",2020-03-27,2025-06-06,0,1897
"652","ADPF","668",2020-03-30,2020-06-02,1,64
"653","ADPF","669",2020-03-30,2020-06-03,1,65
"654","ADPF","670",2020-03-30,2024-06-10,1,1533
"655","ADPF","671",2020-03-31,2020-08-20,1,142
"656","ADPF","672",2020-04-01,2020-11-13,1,226
"657","ADPF","673",2020-04-02,2022-05-02,1,760
"658","ADPF","674",2020-04-13,2022-04-05,1,722
"659","ADPF","675",2020-04-14,2020-05-15,1,31
"660","ADPF","676",2020-04-20,2020-11-18,1,212
"661","ADPF","677",2020-04-22,2025-06-06,0,1871
"662","ADPF","678",2020-04-28,2020-05-26,1,28
"663","ADPF","679",2020-05-04,2020-06-01,1,28
"664","ADPF","680",2020-05-06,2025-03-25,1,1784
"665","ADPF","681",2020-05-07,2022-04-01,1,694
"666","ADPF","682",2020-05-08,2020-06-16,1,39
"667","ADPF","683",2020-05-11,2022-03-30,1,688
"668","ADPF","684",2020-05-13,2024-03-18,1,1405
"669","ADPF","685",2020-05-27,2021-04-14,1,322
"670","ADPF","686",2020-05-27,2021-11-11,1,533
"671","ADPF","687",2020-05-27,2020-08-17,1,82
"672","ADPF","688",2020-06-03,2021-02-03,1,245
"673","ADPF","689",2020-06-08,2020-08-23,1,76
"674","ADPF","690",2020-06-08,2021-04-28,1,324
"675","ADPF","691",2020-06-09,2021-04-28,1,323
"676","ADPF","692",2020-06-09,2021-04-28,1,323
"677","ADPF","693",2020-06-12,2022-03-28,1,654
"678","ADPF","694",2020-06-16,2021-10-19,1,490
"679","ADPF","695",2020-06-16,2023-06-30,1,1109
"680","ADPF","696",2020-06-16,2021-08-06,1,416
"681","ADPF","697",2020-06-18,2021-08-25,1,433
"682","ADPF","698",2020-06-19,2020-08-21,1,63
"683","ADPF","699",2020-06-19,2020-08-24,1,66
"684","ADPF","700",2020-06-19,2020-08-21,1,63
"685","ADPF","701",2020-06-22,2022-11-23,1,884
"686","ADPF","702",2020-06-22,2022-11-23,1,884
"687","ADPF","703",2020-06-22,2021-03-11,1,262
"688","ADPF","704",2020-06-23,2021-09-22,1,456
"689","ADPF","705",2020-06-24,2021-08-20,1,422
"690","ADPF","706",2020-06-30,2022-04-06,1,645
"691","ADPF","707",2020-06-30,2023-03-10,1,983
"692","ADPF","708",2020-06-30,2023-06-19,1,1084
"693","ADPF","709",2020-07-01,2025-06-06,0,1801
"694","ADPF","710",2020-07-01,2021-08-18,1,413
"695","ADPF","711",2020-07-02,2020-12-15,1,166
"696","ADPF","712",2020-07-02,2023-08-10,1,1134
"697","ADPF","713",2020-07-07,2022-04-06,1,638
"698","ADPF","714",2020-07-06,2021-12-13,1,525
"699","ADPF","715",2020-07-07,2021-03-08,1,244
"700","ADPF","716",2020-07-07,2025-06-06,0,1795
"701","ADPF","717",2020-07-09,2022-11-17,1,861
"702","ADPF","718",2020-07-09,2021-03-05,1,239
"703","ADPF","719",2020-07-09,2021-09-22,1,440
"704","ADPF","720",2020-07-15,2021-08-27,1,408
"705","ADPF","721",2020-07-17,2021-09-22,1,432
"706","ADPF","722",2020-07-27,2022-06-20,1,693
"707","ADPF","723",2020-08-05,2021-04-27,1,265
"708","ADPF","724",2020-08-12,2020-12-09,1,119
"709","ADPF","725",2020-08-20,2020-12-07,1,109
"710","ADPF","726",2020-08-21,2021-08-25,1,369
"711","ADPF","727",2020-08-24,2023-09-19,1,1121
"712","ADPF","728",2020-08-25,2021-05-04,1,252
"713","ADPF","729",2020-08-25,2020-12-09,1,106
"714","ADPF","730",2020-08-25,2023-09-25,1,1126
"715","ADPF","731",2020-08-25,2021-04-14,1,232
"716","ADPF","732",2020-08-25,2021-05-27,1,275
"717","ADPF","733",2020-08-26,2020-09-25,1,30
"718","ADPF","734",2020-08-28,2023-05-15,1,990
"719","ADPF","735",2020-09-01,2023-02-15,1,897
"720","ADPF","736",2020-09-03,2020-10-05,1,32
"721","ADPF","737",2020-09-03,2021-09-27,1,389
"722","ADPF","738",2020-09-03,2021-08-05,1,336
"723","ADPF","739",2020-09-08,2021-02-10,1,155
"724","ADPF","740",2020-09-09,2020-11-19,1,71
"725","ADPF","741",2020-09-10,2020-10-20,1,40
"726","ADPF","742",2020-09-10,2025-06-06,0,1730
"727","ADPF","743",2020-09-18,2024-06-19,1,1370
"728","ADPF","744",2020-09-18,2023-03-01,1,894
"729","ADPF","745",2020-09-18,2023-12-18,1,1186
"730","ADPF","746",2020-09-25,2024-06-19,1,1363
"731","ADPF","747",2020-09-30,2022-02-09,1,497
"732","ADPF","748",2020-10-01,2022-08-16,1,684
"733","ADPF","749",2020-10-02,2022-02-09,1,495
"734","ADPF","750",2020-10-06,2021-12-15,1,435
"735","ADPF","751",2020-10-06,2023-03-01,1,876
"736","ADPF","752",2020-10-08,2021-02-09,1,124
"737","ADPF","753",2020-10-16,2021-05-18,1,214
"738","ADPF","754",2020-10-22,2023-09-26,1,1069
"739","ADPF","755",2020-10-22,2024-02-23,1,1219
"740","ADPF","756",2020-10-23,2023-09-19,1,1061
"741","ADPF","757",2020-10-28,2021-04-27,1,181
"742","ADPF","758",2020-11-04,2025-06-06,0,1675
"743","ADPF","759",2020-11-06,2025-06-06,0,1673
"744","ADPF","760",2020-11-12,2024-08-05,1,1362
"745","ADPF","761",2020-11-12,2023-03-07,1,845
"746","ADPF","762",2020-11-12,2025-06-06,0,1667
"747","ADPF","763",2020-11-13,2022-11-28,1,745
"748","ADPF","764",2020-11-25,2021-10-08,1,317
"749","ADPF","765",2020-11-26,2025-06-06,0,1653
"750","ADPF","766",2020-11-27,2025-06-06,0,1652
"751","ADPF","767",2020-11-27,2023-03-10,1,833
"752","ADPF","768",2020-12-07,2021-02-24,1,79
"753","ADPF","769",2020-12-09,2025-06-06,0,1640
"754","ADPF","770",2020-12-09,2023-11-28,1,1084
"755","ADPF","771",2020-12-11,2021-10-19,1,312
"756","ADPF","772",2020-12-11,2023-08-12,1,974
"757","ADPF","773",2020-12-14,2021-05-10,1,147
"758","ADPF","774",2020-12-15,2025-06-06,0,1634
"759","ADPF","775",2020-12-15,2024-08-30,1,1354
"760","ADPF","776",2020-12-15,2023-08-14,1,972
"761","ADPF","777",2020-12-17,2025-05-14,1,1609
"762","ADPF","778",2021-01-06,2022-03-15,1,433
"763","ADPF","779",2021-01-06,2023-10-30,1,1027
"764","ADPF","780",2021-01-07,2021-03-10,1,62
"765","ADPF","781",2021-01-07,2021-04-01,1,84
"766","ADPF","782",2021-01-08,2021-06-14,1,157
"767","ADPF","783",2021-01-11,2023-05-15,1,854
"768","ADPF","784",2021-01-21,2021-02-25,1,35
"769","ADPF","785",2021-01-25,2022-04-05,1,435
"770","ADPF","786",2021-01-26,2021-03-15,1,48
"771","ADPF","787",2021-02-01,2025-02-07,1,1467
"772","ADPF","788",2021-02-03,2023-06-30,1,877
"773","ADPF","789",2021-02-11,2021-09-16,1,217
"774","ADPF","790",2021-02-11,2025-05-27,1,1566
"775","ADPF","791",2021-02-19,2023-02-28,1,739
"776","ADPF","792",2021-02-19,2023-02-28,1,739
"777","ADPF","793",2021-02-23,2022-02-25,1,367
"778","ADPF","794",2021-02-25,2021-06-24,1,119
"779","ADPF","795",2021-03-02,2023-02-22,1,722
"780","ADPF","796",2021-03-02,2021-05-28,1,87
"781","ADPF","797",2021-03-03,2023-10-17,1,958
"782","ADPF","798",2021-03-03,2023-02-21,1,720
"783","ADPF","799",2021-03-04,2023-10-17,1,957
"784","ADPF","800",2021-03-05,2025-06-06,0,1554
"785","ADPF","801",2021-03-12,2022-09-26,1,563
"786","ADPF","802",2021-03-12,2021-08-09,1,150
"787","ADPF","803",2021-03-12,2021-06-01,1,81
"788","ADPF","804",2021-03-12,2022-09-26,1,563
"789","ADPF","805",2021-03-15,2023-05-30,1,806
"790","ADPF","806",2021-03-16,2021-04-22,1,37
"791","ADPF","807",2021-03-16,2024-09-04,1,1268
"792","ADPF","808",2021-03-17,2024-06-14,1,1185
"793","ADPF","809",2021-03-17,2025-06-06,0,1542
"794","ADPF","810",2021-03-18,2021-04-29,1,42
"795","ADPF","811",2021-03-19,2021-08-06,1,140
"796","ADPF","812",2021-03-19,2022-02-23,1,341
"797","ADPF","813",2021-03-19,2021-08-23,1,157
"798","ADPF","814",2021-03-22,2021-06-15,1,85
"799","ADPF","815",2021-03-24,2024-01-26,1,1038
"800","ADPF","816",2021-03-25,2023-10-17,1,936
"801","ADPF","817",2021-03-29,2025-06-06,0,1530
"802","ADPF","818",2021-04-05,2023-02-09,1,675
"803","ADPF","819",2021-04-05,2025-04-07,1,1463
"804","ADPF","820",2021-04-05,2021-09-30,1,178
"805","ADPF","821",2021-04-07,2023-10-17,1,923
"806","ADPF","822",2021-04-08,2023-06-07,1,790
"807","ADPF","823",2021-04-08,2022-02-02,1,300
"808","ADPF","824",2021-04-09,2025-03-19,1,1440
"809","ADPF","825",2021-04-09,2021-12-06,1,241
"810","ADPF","826",2021-04-13,2025-06-06,0,1515
"811","ADPF","827",2021-04-13,2021-08-25,1,134
"812","ADPF","828",2021-04-15,2025-06-06,0,1513
"813","ADPF","829",2021-04-16,2021-06-29,1,74
"814","ADPF","830",2021-04-16,2021-06-14,1,59
"815","ADPF","831",2021-04-22,2025-02-24,1,1404
"816","ADPF","832",2021-04-28,2023-05-15,1,747
"817","ADPF","833",2021-04-28,2022-09-05,1,495
"818","ADPF","834",2021-04-30,2023-04-24,1,724
"819","ADPF","835",2021-05-03,2024-02-02,1,1005
"820","ADPF","836",2021-05-03,2021-08-24,1,113
"821","ADPF","837",2021-05-03,2025-06-06,0,1495
"822","ADPF","838",2021-05-05,2022-08-31,1,483
"823","ADPF","839",2021-05-06,2021-08-23,1,109
"824","ADPF","840",2021-05-06,2021-09-10,1,127
"825","ADPF","841",2021-05-06,2021-10-08,1,155
"826","ADPF","842",2021-05-06,2023-03-20,1,683
"827","ADPF","843",2021-05-11,2021-12-10,1,213
"828","ADPF","844",2021-05-18,2022-09-14,1,484
"829","ADPF","845",2021-05-21,2023-06-15,1,755
"830","ADPF","846",2021-05-21,2021-08-18,1,89
"831","ADPF","847",2021-05-24,2025-06-06,0,1474
"832","ADPF","848",2021-05-31,2022-08-12,1,438
"833","ADPF","849",2021-06-02,2021-10-14,1,134
"834","ADPF","850",2021-06-08,2023-09-15,1,829
"835","ADPF","851",2021-06-08,2023-05-09,1,700
"836","ADPF","852",2021-06-14,2023-04-17,1,672
"837","ADPF","853",2021-06-15,2024-09-27,1,1200
"838","ADPF","854",2021-06-15,2023-05-09,1,693
"839","ADPF","855",2021-06-16,2023-02-28,1,622
"840","ADPF","856",2021-06-18,2022-09-27,1,466
"841","ADPF","857",2021-06-22,2024-06-21,1,1095
"842","ADPF","858",2021-06-22,2023-09-22,1,822
"843","ADPF","859",2021-06-30,2021-11-04,1,127
"844","ADPF","860",2021-06-30,2023-02-23,1,603
"845","ADPF","861",2021-06-30,2022-02-22,1,237
"846","ADPF","862",2021-06-30,2025-02-11,1,1322
"847","ADPF","863",2021-07-01,2025-06-06,0,1436
"848","ADPF","864",2021-07-02,2022-03-04,1,245
"849","ADPF","865",2021-07-02,2023-02-02,1,580
"850","ADPF","866",2021-07-09,2021-08-25,1,47
"851","ADPF","867",2021-07-15,2025-06-06,0,1422
"852","ADPF","868",2021-07-19,2024-09-04,1,1143
"853","ADPF","869",2021-07-21,2022-12-02,1,499
"854","ADPF","870",2021-07-31,2025-06-06,0,1406
"855","ADPF","871",2021-08-02,2021-12-15,1,135
"856","ADPF","872",2021-08-02,2023-09-05,1,764
"857","ADPF","873",2021-08-05,2023-03-10,1,582
"858","ADPF","874",2021-08-10,2022-03-24,1,226
"859","ADPF","875",2021-08-12,2025-06-06,0,1394
"860","ADPF","876",2021-08-19,2025-06-06,0,1387
"861","ADPF","877",2021-08-20,2025-06-06,0,1386
"862","ADPF","878",2021-08-26,2023-06-15,1,658
"863","ADPF","879",2021-09-01,2023-02-23,1,540
"864","ADPF","880",2021-09-03,2022-06-24,1,294
"865","ADPF","881",2021-09-13,2025-06-06,0,1362
"866","ADPF","882",2021-09-20,2022-02-14,1,147
"867","ADPF","883",2021-09-21,2022-02-16,1,148
"868","ADPF","884",2021-09-22,2022-03-25,1,184
"869","ADPF","885",2021-09-27,2023-08-03,1,675
"870","ADPF","886",2021-09-27,2022-03-15,1,169
"871","ADPF","887",2021-10-06,2025-01-21,1,1203
"872","ADPF","888",2021-10-08,2022-02-09,1,124
"873","ADPF","889",2021-10-13,2025-06-06,0,1332
"874","ADPF","890",2021-10-14,2022-03-23,1,160
"875","ADPF","891",2021-10-18,2022-06-09,1,234
"876","ADPF","892",2021-10-18,2024-10-08,1,1086
"877","ADPF","893",2021-10-19,2022-09-16,1,332
"878","ADPF","894",2021-10-26,2021-11-26,1,31
"879","ADPF","895",2021-10-27,2021-12-14,1,48
"880","ADPF","896",2021-10-28,2023-05-04,1,553
"881","ADPF","897",2021-11-03,2023-03-24,1,506
"882","ADPF","898",2021-11-03,2022-12-19,1,411
"883","ADPF","899",2021-11-03,2025-06-06,0,1311
"884","ADPF","900",2021-11-04,2023-03-10,1,491
"885","ADPF","901",2021-11-04,2022-12-19,1,410
"886","ADPF","902",2021-11-08,2023-04-13,1,521
"887","ADPF","903",2021-11-09,2021-12-17,1,38
"888","ADPF","904",2021-11-09,2022-04-22,1,164
"889","ADPF","905",2021-11-09,2022-12-19,1,405
"890","ADPF","906",2021-11-10,2024-03-19,1,860
"891","ADPF","907",2021-11-11,2022-12-19,1,403
"892","ADPF","908",2021-11-11,2024-03-19,1,859
"893","ADPF","909",2021-11-19,2022-02-07,1,80
"894","ADPF","910",2021-11-23,2023-08-09,1,624
"895","ADPF","911",2021-11-23,2023-05-30,1,553
"896","ADPF","912",2021-11-23,2022-04-12,1,140
"897","ADPF","913",2021-11-29,2022-12-02,1,368
"898","ADPF","914",2021-11-30,2022-02-14,1,76
"899","ADPF","915",2021-12-01,2022-09-08,1,281
"900","ADPF","916",2021-12-02,2022-02-22,1,82
"901","ADPF","917",2021-12-02,2022-12-02,1,365
"902","ADPF","918",2021-12-03,2023-06-15,1,559
"903","ADPF","919",2021-12-03,2025-06-06,0,1281
"904","ADPF","920",2021-12-07,2021-12-07,1,0
"905","ADPF","921",2021-12-09,2024-12-10,1,1097
"906","ADPF","922",2021-12-13,2023-07-03,1,567
"907","ADPF","923",2021-12-14,2022-10-27,1,317
"908","ADPF","924",2021-12-16,2024-12-10,1,1090
"909","ADPF","925",2021-12-17,2025-06-06,0,1267
"910","ADPF","926",2021-12-17,2023-05-09,1,508
"911","ADPF","927",2021-12-17,2022-03-30,1,103
"912","ADPF","928",2021-12-23,2025-06-06,0,1261
"913","ADPF","929",2021-12-29,2022-03-30,1,91
"914","ADPF","930",2021-12-30,2022-08-23,1,236
"915","ADPF","931",2021-12-30,2022-08-23,1,236
"916","ADPF","932",2022-01-04,2023-03-24,1,444
"917","ADPF","933",2022-01-10,2022-03-14,1,63
"918","ADPF","934",2022-01-10,2025-06-06,0,1243
"919","ADPF","935",2022-01-17,2025-06-06,0,1236
"920","ADPF","936",2022-01-19,2024-11-11,1,1027
"921","ADPF","937",2022-01-21,2025-06-06,0,1232
"922","ADPF","938",2022-02-01,2023-06-26,1,510
"923","ADPF","939",2022-02-02,2022-05-16,1,103
"924","ADPF","940",2022-02-07,2023-10-24,1,624
"925","ADPF","941",2022-02-07,2022-06-25,1,138
"926","ADPF","942",2022-02-08,2025-06-04,1,1212
"927","ADPF","943",2022-02-10,2022-02-11,1,1
"928","ADPF","944",2022-02-15,2025-06-06,0,1207
"929","ADPF","945",2022-02-15,2023-08-15,1,546
"930","ADPF","946",2022-02-18,2025-03-06,1,1112
"931","ADPF","947",2022-02-22,2022-04-27,1,64
"932","ADPF","948",2022-03-02,2022-10-17,1,229
"933","ADPF","949",2022-03-07,2024-08-21,1,898
"934","ADPF","950",2022-03-11,2022-09-23,1,196
"935","ADPF","951",2022-03-11,2024-02-16,1,707
"936","ADPF","952",2022-03-18,2022-10-17,1,213
"937","ADPF","953",2022-03-18,2022-04-18,1,31
"938","ADPF","954",2022-03-21,2022-04-19,1,29
"939","ADPF","955",2022-03-22,2022-08-24,1,155
"940","ADPF","956",2022-03-30,2024-06-07,1,800
"941","ADPF","957",2022-04-06,2022-08-04,1,120
"942","ADPF","958",2022-04-06,2023-09-01,1,513
"943","ADPF","959",2022-04-08,2024-02-07,1,670
"944","ADPF","960",2022-04-18,2023-02-14,1,302
"945","ADPF","961",2022-04-18,2023-08-24,1,493
"946","ADPF","962",2022-04-19,2024-06-26,1,799
"947","ADPF","963",2022-04-20,2022-08-24,1,126
"948","ADPF","964",2022-04-22,2023-08-25,1,490
"949","ADPF","965",2022-04-22,2023-08-25,1,490
"950","ADPF","966",2022-04-22,2023-08-25,1,490
"951","ADPF","967",2022-04-25,2023-08-25,1,487
"952","ADPF","968",2022-04-27,2023-12-11,1,593
"953","ADPF","969",2022-05-01,2023-10-25,1,542
"954","ADPF","970",2022-05-01,2022-05-25,1,24
"955","ADPF","971",2022-05-06,2023-08-14,1,465
"956","ADPF","972",2022-05-13,2025-06-06,0,1120
"957","ADPF","973",2022-05-13,2025-06-06,0,1120
"958","ADPF","974",2022-05-18,2023-02-27,1,285
"959","ADPF","975",2022-05-23,2022-10-26,1,156
"960","ADPF","976",2022-05-23,2025-06-06,0,1110
"961","ADPF","977",2022-05-26,2025-06-06,0,1107
"962","ADPF","978",2022-05-27,2022-10-14,1,140
"963","ADPF","979",2022-05-31,2023-08-03,1,429
"964","ADPF","980",2022-06-01,2023-03-20,1,292
"965","ADPF","981",2022-06-02,2023-04-11,1,313
"966","ADPF","982",2022-06-10,2025-03-25,1,1019
"967","ADPF","983",2022-06-14,2023-12-22,1,556
"968","ADPF","984",2022-06-15,2024-03-08,1,632
"969","ADPF","985",2022-06-15,2024-08-19,1,796
"970","ADPF","986",2022-06-15,2023-04-10,1,299
"971","ADPF","987",2022-06-24,2025-06-06,0,1078
"972","ADPF","988",2022-06-27,2022-11-07,1,133
"973","ADPF","989",2022-06-30,2025-06-06,0,1072
"974","ADPF","990",2022-06-30,2023-02-09,1,224
"975","ADPF","991",2022-06-30,2025-06-06,0,1072
"976","ADPF","992",2022-07-04,2025-06-06,0,1068
"977","ADPF","993",2022-07-04,2022-09-27,1,85
"978","ADPF","994",2022-07-05,2022-08-24,1,50
"979","ADPF","995",2022-07-13,2023-10-19,1,463
"980","ADPF","996",2022-07-18,2022-11-22,1,127
"981","ADPF","997",2022-08-03,2024-10-12,1,801
"982","ADPF","998",2022-08-03,2022-10-13,1,71
"983","ADPF","999",2022-08-05,2023-03-17,1,224
"984","ADPF","1000",2022-08-11,2023-08-16,1,370
"985","ADPF","1001",2022-08-11,2023-06-20,1,313
"986","ADPF","1002",2022-08-15,2023-04-20,1,248
"987","ADPF","1003",2022-08-15,2023-02-28,1,197
"988","ADPF","1004",2022-08-19,2024-10-21,1,794
"989","ADPF","1005",2022-08-26,2025-06-06,0,1015
"990","ADPF","1006",2022-08-26,2025-06-06,0,1015
"991","ADPF","1007",2022-08-31,2023-02-27,1,180
"992","ADPF","1008",2022-09-09,2023-06-30,1,294
"993","ADPF","1009",2022-09-12,2025-06-06,0,998
"994","ADPF","1010",2022-09-13,2022-11-11,1,59
"995","ADPF","1011",2022-09-14,2024-08-09,1,695
"996","ADPF","1012",2022-09-23,2023-03-09,1,167
"997","ADPF","1013",2022-09-28,2024-08-07,1,679
"998","ADPF","1014",2022-09-29,2025-04-23,1,937
"999","ADPF","1015",2022-10-13,2023-05-04,1,203
"1000","ADPF","1016",2022-10-18,2023-05-09,1,203
"1001","ADPF","1017",2022-10-21,2025-06-06,0,959
"1002","ADPF","1018",2022-10-24,2022-12-02,1,39
"1003","ADPF","1019",2022-10-24,2022-12-07,1,44
"1004","ADPF","1020",2022-10-24,2023-04-03,1,161
"1005","ADPF","1021",2022-10-26,2024-12-18,1,784
"1006","ADPF","1022",2022-10-26,2022-10-26,1,0
"1007","ADPF","1023",2022-10-27,2024-05-21,1,572
"1008","ADPF","1024",2022-11-03,2023-02-02,1,91
"1009","ADPF","1025",2022-11-08,2025-06-06,0,941
"1010","ADPF","1026",2022-11-09,2025-06-06,0,940
"1011","ADPF","1027",2022-11-14,2025-06-06,0,935
"1012","ADPF","1028",2022-11-16,2025-06-06,0,933
"1013","ADPF","1029",2022-11-16,2025-06-06,0,933
"1014","ADPF","1030",2022-11-16,2024-06-27,1,589
"1015","ADPF","1031",2022-11-18,2024-10-24,1,706
"1016","ADPF","1032",2022-11-29,2025-06-06,0,920
"1017","ADPF","1033",2022-12-02,2025-06-06,0,917
"1018","ADPF","1034",2022-12-06,2023-05-15,1,160
"1019","ADPF","1035",2022-12-09,2023-03-24,1,105
"1020","ADPF","1036",2022-12-12,2025-03-21,1,830
"1021","ADPF","1037",2022-12-19,2024-08-30,1,620
"1022","ADPF","1038",2022-12-21,2025-06-06,0,898
"1023","ADPF","1039",2022-12-28,2023-05-02,1,125
"1024","ADPF","1040",2022-12-29,2025-06-06,0,890
"1025","ADPF","1041",2023-01-09,2023-05-26,1,137
"1026","ADPF","1042",2023-01-18,2025-05-07,1,840
"1027","ADPF","1043",2023-01-19,2024-03-25,1,431
"1028","ADPF","1044",2023-02-13,2023-05-18,1,94
"1029","ADPF","1045",2023-02-14,2024-06-29,1,501
"1030","ADPF","1046",2023-02-14,2025-06-06,0,843
"1031","ADPF","1047",2023-02-27,2025-06-06,0,830
"1032","ADPF","1048",2023-03-01,2023-04-04,1,34
"1033","ADPF","1049",2023-03-15,2023-04-17,1,33
"1034","ADPF","1050",2023-03-23,2025-06-06,0,806
"1035","ADPF","1051",2023-03-29,2025-06-06,0,800
"1036","ADPF","1052",2023-04-03,2023-06-16,1,74
"1037","ADPF","1053",2023-04-03,2025-06-06,0,795
"1038","ADPF","1054",2023-04-10,2025-06-06,0,788
"1039","ADPF","1055",2023-04-10,2025-06-06,0,788
"1040","ADPF","1056",2023-04-10,2023-12-18,1,252
"1041","ADPF","1057",2023-04-14,2025-06-06,0,784
"1042","ADPF","1058",2023-04-14,2025-06-06,0,784
"1043","ADPF","1059",2023-04-18,2025-06-06,0,780
"1044","ADPF","1060",2023-04-26,2025-06-06,0,772
"1045","ADPF","1061",2023-04-27,2024-02-22,1,301
"1046","ADPF","1062",2023-05-05,2023-06-06,1,32
"1047","ADPF","1063",2023-05-11,2024-02-14,1,279
"1048","ADPF","1064",2023-05-15,2024-10-16,1,520
"1049","ADPF","1065",2023-05-19,2023-09-13,1,117
"1050","ADPF","1066",2023-05-22,2025-05-26,1,735
"1051","ADPF","1067",2023-05-24,2024-02-22,1,274
"1052","ADPF","1068",2023-05-24,2025-06-06,0,744
"1053","ADPF","1069",2023-06-01,2025-02-25,1,635
"1054","ADPF","1070",2023-06-06,2024-04-24,1,323
"1055","ADPF","1071",2023-06-07,2024-09-10,1,461
"1056","ADPF","1072",2023-06-09,2024-05-22,1,348
"1057","ADPF","1073",2023-06-13,2024-03-08,1,269
"1058","ADPF","1074",2023-06-15,2023-08-23,1,69
"1059","ADPF","1075",2023-06-19,2025-06-06,0,718
"1060","ADPF","1076",2023-06-20,2025-06-06,0,717
"1061","ADPF","1077",2023-06-30,2025-06-06,0,707
"1062","ADPF","1078",2023-07-04,2024-08-09,1,402
"1063","ADPF","1079",2023-07-06,2025-06-06,0,701
"1064","ADPF","1080",2023-07-07,2023-09-28,1,83
"1065","ADPF","1081",2023-07-14,2025-06-06,0,693
"1066","ADPF","1082",2023-07-14,2024-04-15,1,276
"1067","ADPF","1083",2023-07-28,2025-06-06,0,679
"1068","ADPF","1084",2023-08-28,2023-10-30,1,63
"1069","ADPF","1085",2023-09-03,2024-03-26,1,205
"1070","ADPF","1086",2023-09-19,2024-04-09,1,203
"1071","ADPF","1087",2023-09-22,2025-06-06,0,623
"1072","ADPF","1088",2023-09-22,2024-03-15,1,175
"1073","ADPF","1089",2023-09-29,2024-10-25,1,392
"1074","ADPF","1090",2023-10-03,2025-06-06,0,612
"1075","ADPF","1091",2023-10-11,2024-04-26,1,198
"1076","ADPF","1092",2023-10-24,2025-06-06,0,591
"1077","ADPF","1093",2023-10-27,2025-02-14,1,476
"1078","ADPF","1094",2023-11-13,2024-06-10,1,210
"1079","ADPF","1095",2023-11-14,2025-06-06,0,570
"1080","ADPF","1096",2023-11-16,2024-08-19,1,277
"1081","ADPF","1097",2023-11-16,2025-06-06,0,568
"1082","ADPF","1098",2023-11-20,2024-04-16,1,148
"1083","ADPF","1099",2023-11-24,2025-05-07,1,530
"1084","ADPF","1100",2023-11-24,2025-06-06,0,560
"1085","ADPF","1101",2023-11-30,2025-06-06,0,554
"1086","ADPF","1102",2023-12-05,2025-06-06,0,549
"1087","ADPF","1103",2023-12-06,2025-06-06,0,548
"1088","ADPF","1104",2023-12-07,2025-06-06,0,547
"1089","ADPF","1105",2023-12-13,2025-06-06,0,541
"1090","ADPF","1106",2023-12-14,2025-06-06,0,540
"1091","ADPF","1107",2023-12-14,2024-09-03,1,264
"1092","ADPF","1108",2023-12-15,2025-06-06,0,539
"1093","ADPF","1109",2023-12-18,2024-03-22,1,95
"1094","ADPF","1110",2023-12-18,2025-06-06,0,536
"1095","ADPF","1111",2023-12-18,2023-12-18,1,0
"1096","ADPF","1112",2023-12-19,2024-04-10,1,113
"1097","ADPF","1113",2023-12-19,2024-05-22,1,155
"1098","ADPF","1114",2023-12-27,2024-08-23,1,240
"1099","ADPF","1115",2024-01-10,2025-06-06,0,513
"1100","ADPF","1116",2024-01-10,2025-06-06,0,513
"1101","ADPF","1117",2024-01-12,2025-06-06,0,511
"1102","ADPF","1118",2024-01-15,2025-06-06,0,508
"1103","ADPF","1119",2024-01-15,2025-06-06,0,508
"1104","ADPF","1120",2024-01-16,2024-03-07,1,51
"1105","ADPF","1121",2024-01-16,2024-04-17,1,92
"1106","ADPF","1122",2024-01-29,2025-06-06,0,494
"1107","ADPF","1123",2024-02-14,2025-06-06,0,478
"1108","ADPF","1124",2024-02-19,2024-04-18,1,59
"1109","ADPF","1125",2024-02-22,2024-12-09,1,291
"1110","ADPF","1126",2024-02-23,2025-06-06,0,469
"1111","ADPF","1127",2024-02-26,2024-12-11,1,289
"1112","ADPF","1128",2024-02-27,2025-06-06,0,465
"1113","ADPF","1129",2024-02-28,2024-03-26,1,27
"1114","ADPF","1130",2024-02-29,2025-06-06,0,463
"1115","ADPF","1131",2024-03-04,2024-04-09,1,36
"1116","ADPF","1132",2024-03-04,2025-06-06,0,459
"1117","ADPF","1133",2024-03-05,2024-10-17,1,226
"1118","ADPF","1134",2024-03-13,2025-03-05,1,357
"1119","ADPF","1135",2024-03-18,2024-08-30,1,165
"1120","ADPF","1136",2024-03-26,2024-09-04,1,162
"1121","ADPF","1137",2024-03-26,2025-06-06,0,437
"1122","ADPF","1138",2024-04-01,2025-06-06,0,431
"1123","ADPF","1139",2024-04-04,2024-05-28,1,54
"1124","ADPF","1140",2024-04-05,2025-02-25,1,326
"1125","ADPF","1141",2024-04-10,2025-06-06,0,422
"1126","ADPF","1142",2024-04-12,2024-05-13,1,31
"1127","ADPF","1143",2024-04-16,2025-06-06,0,416
"1128","ADPF","1144",2024-04-19,2025-06-06,0,413
"1129","ADPF","1145",2024-04-22,2025-02-05,1,289
"1130","ADPF","1146",2024-04-25,2024-06-18,1,54
"1131","ADPF","1147",2024-04-29,2025-06-06,0,403
"1132","ADPF","1148",2024-05-06,2025-06-06,0,396
"1133","ADPF","1149",2024-05-14,2025-06-06,0,388
"1134","ADPF","1150",2024-05-14,2024-05-14,1,0
"1135","ADPF","1151",2024-05-14,2025-02-04,1,266
"1136","ADPF","1152",2024-05-14,2025-03-14,1,304
"1137","ADPF","1153",2024-05-14,2024-05-14,1,0
"1138","ADPF","1154",2024-05-14,2025-06-06,0,388
"1139","ADPF","1155",2024-05-14,2025-06-06,0,388
"1140","ADPF","1156",2024-05-14,2025-02-26,1,288
"1141","ADPF","1157",2024-05-14,2025-06-06,0,388
"1142","ADPF","1158",2024-05-14,2025-05-19,1,370
"1143","ADPF","1159",2024-05-14,2025-06-06,0,388
"1144","ADPF","1160",2024-05-14,2025-02-04,1,266
"1145","ADPF","1161",2024-05-14,2025-02-04,1,266
"1146","ADPF","1162",2024-05-14,2025-05-19,1,370
"1147","ADPF","1163",2024-05-14,2025-06-06,0,388
"1148","ADPF","1164",2024-05-14,2025-05-19,1,370
"1149","ADPF","1165",2024-05-14,2025-02-21,1,283
"1150","ADPF","1166",2024-05-14,2024-11-28,1,198
"1151","ADPF","1167",2024-05-22,2025-06-06,0,380
"1152","ADPF","1168",2024-05-28,2025-06-06,0,374
"1153","ADPF","1169",2024-05-29,2025-06-06,0,373
"1154","ADPF","1170",2024-05-29,2025-06-06,0,373
"1155","ADPF","1171",2024-05-29,2025-06-06,0,373
"1156","ADPF","1172",2024-05-29,2025-06-06,0,373
"1157","ADPF","1173",2024-05-29,2025-06-06,0,373
"1158","ADPF","1174",2024-06-04,2025-06-06,0,367
"1159","ADPF","1175",2024-06-04,2025-06-06,0,367
"1160","ADPF","1176",2024-06-07,2025-06-06,0,364
"1161","ADPF","1177",2024-06-11,2024-08-20,1,70
"1162","ADPF","1178",2024-06-12,2025-06-06,0,359
"1163","ADPF","1179",2024-06-27,2025-06-06,0,344
"1164","ADPF","1180",2024-07-15,2025-06-06,0,326
"1165","ADPF","1181",2024-07-16,2025-06-06,0,325
"1166","ADPF","1182",2024-07-17,2025-06-06,0,324
"1167","ADPF","1183",2024-07-30,2025-06-06,0,311
"1168","ADPF","1184",2024-08-09,2025-06-06,0,301
"1169","ADPF","1185",2024-08-12,2025-06-06,0,298
"1170","ADPF","1186",2024-08-22,2025-06-06,0,288
"1171","ADPF","1187",2024-08-31,2025-06-06,0,279
"1172","ADPF","1188",2024-09-02,2025-06-06,0,277
"1173","ADPF","1189",2024-09-03,2025-06-06,0,276
"1174","ADPF","1190",2024-09-03,2024-11-21,1,79
"1175","ADPF","1191",2024-09-09,2025-06-06,0,270
"1176","ADPF","1192",2024-10-07,2025-06-06,0,242
"1177","ADPF","1193",2024-11-06,2025-06-06,0,212
"1178","ADPF","1194",2024-11-08,2025-06-06,0,210
"1179","ADPF","1195",2024-11-08,2025-02-21,1,105
"1180","ADPF","1196",2024-11-18,2025-06-06,0,200
"1181","ADPF","1197",2024-11-21,2025-06-06,0,197
"1182","ADPF","1198",2024-12-03,2025-03-27,1,114
"1183","ADPF","1199",2024-12-03,2025-06-06,0,185
"1184","ADPF","1200",2024-12-10,2025-06-06,0,178
"1185","ADPF","1201",2024-12-18,2025-06-06,0,170
"1186","ADPF","1202",2024-12-23,2025-02-25,1,64
"1187","ADPF","1203",2024-12-30,2025-02-25,1,57
"1188","ADPF","1204",2025-01-17,2025-06-06,0,140
"1189","ADPF","1205",2025-01-29,2025-02-27,1,29
"1190","ADPF","1206",2025-02-03,2025-06-06,0,123
"1191","ADPF","1207",2025-02-04,2025-06-06,0,122
"1192","ADPF","1208",2025-02-21,2025-06-06,0,105
"1193","ADPF","1209",2025-02-24,2025-06-06,0,102
"1194","ADPF","1210",2025-03-05,2025-06-06,0,93
"1195","ADPF","1211",2025-03-10,2025-06-06,0,88
"1196","ADPF","1212",2025-03-13,2025-06-06,0,85
"1197","ADPF","1213",2025-03-20,2025-05-21,1,62
"1198","ADPF","1214",2025-03-28,2025-06-06,0,70
"1199","ADPF","1215",2025-04-04,2025-06-06,0,63
"1200","ADPF","1216",2025-04-07,2025-06-06,0,60
"1201","ADPF","1217",2025-04-08,2025-06-06,0,59
"1202","ADPF","1218",2025-04-14,2025-06-06,0,53
"1203","ADPF","1219",2025-04-22,2025-06-06,0,45
"1204","ADPF","1220",2025-04-23,2025-06-06,0,44
"1205","ADPF","1221",2025-04-24,2025-06-06,0,43
"1206","ADPF","1222",2025-05-05,2025-06-06,0,32
"1207","ADPF","1223",2025-05-05,2025-06-06,0,32
"1208","ADPF","1224",2025-05-07,2025-06-06,0,30
"1209","ADPF","1225",2025-05-09,2025-06-06,0,28
"1210","ADPF","1226",2025-05-09,2025-06-06,0,28
"1211","ADPF","1227",2025-05-14,2025-06-06,0,23
"1212","ADPF","1228",2025-05-15,2025-06-06,0,22
"1213","ADPF","1229",2025-05-21,2025-06-06,0,16
"1214","ADPF","1230",2025-05-27,2025-06-06,0,10
"1215","ADPF","1231",2025-05-29,2025-06-06,0,8
"1216","ADPF","1232",2025-06-01,2025-06-06,0,5
"1217","ADPF","1233",2025-06-05,2025-06-06,0,1
