"","time","n.risk","n.event","n.censor","estimate","std.error","conf.high","conf.low","strata"
"1",64,37,1,0,0.972972972972973,0.0273998312175595,1,0.922099949173881,"resultado=Improcedente"
"2",119,36,1,0,0.945945945945946,0.039298874594593,1,0.875820401667282,"resultado=Improcedente"
"3",140,35,1,0,0.918918918918919,0.0488337760044759,1,0.835044860666001,"resultado=Improcedente"
"4",241,34,1,0,0.891891891891892,0.0572363807032142,0.997773376218625,0.797246314425812,"resultado=Improcedente"
"5",248,33,1,0,0.864864864864865,0.0649844056137545,0.982342832176924,0.761436038394185,"resultado=Improcedente"
"6",252,32,1,0,0.837837837837838,0.0723259116022882,0.965436907451429,0.727103176908636,"resultado=Improcedente"
"7",258,31,1,0,0.810810810810811,0.0794122553911316,0.947360700776014,0.69394283548935,"resultado=Improcedente"
"8",269,30,1,0,0.783783783783784,0.0863465783552691,0.928313389601579,0.661756069236579,"resultado=Improcedente"
"9",294,29,1,0,0.756756756756757,0.09320546490018,0.908433085119474,0.630405032883284,"resultado=Improcedente"
"10",392,28,1,0,0.72972972972973,0.100050037531277,0.887819718395019,0.599790100871015,"resultado=Improcedente"
"11",402,27,1,0,0.702702702702703,0.106932274989881,0.86654783469279,0.569837080673963,"resultado=Improcedente"
"12",465,26,1,0,0.675675675675676,0.1138989594903,0.844674249670967,0.540489566099144,"resultado=Improcedente"
"13",521,25,1,0,0.648648648648649,0.120994378545615,0.822242875972913,0.511704122575552,"resultado=Improcedente"
"14",553,24,1,0,0.621621621621622,0.128262363312619,0.799287890936365,0.483447134442149,"resultado=Improcedente"
"15",612,23,1,0,0.594594594594595,0.135747996035,0.775835879944641,0.455692680707597,"resultado=Improcedente"
"16",745,22,1,0,0.567567567567568,0.143499200666835,0.751907318123901,0.428421077957222,"resultado=Improcedente"
"17",747,21,1,0,0.540540540540541,0.151568377219567,0.727517606725579,0.401617876002927,"resultado=Improcedente"
"18",774,20,1,0,0.513513513513514,0.1600142241188,0.70267779755568,0.375273175669249,"resultado=Improcedente"
"19",990,19,1,0,0.486486486486487,0.168903903236511,0.677395089573788,0.349381188580622,"resultado=Improcedente"
"20",1003,18,1,0,0.45945945945946,0.178315737905373,0.651673151312712,0.323939991177385,"resultado=Improcedente"
"21",1186,17,1,0,0.432432432432433,0.188342700875221,0.625512303166291,0.298951447753886,"resultado=Improcedente"
"22",1203,16,1,0,0.405405405405406,0.199097060851334,0.598909580599737,0.274421295059833,"resultado=Improcedente"
"23",1388,15,1,0,0.378378378378379,0.210716739727874,0.571858690774872,0.250359397406822,"resultado=Improcedente"
"24",1440,14,1,0,0.351351351351351,0.223374237314982,0.544349870272553,0.226780199349751,"resultado=Improcedente"
"25",1504,13,1,0,0.324324324324324,0.237289498938125,0.516369651537967,0.203703426479733,"resultado=Improcedente"
"26",1517,12,1,0,0.297297297297297,0.252749013612445,0.487900554314682,0.181155119006632,"resultado=Improcedente"
"27",1524,11,1,0,0.27027027027027,0.270135101334449,0.458920746193794,0.159169136714336,"resultado=Improcedente"
"28",1526,10,1,0,0.243243243243243,0.289972557467227,0.429403790489488,0.137789364448892,"resultado=Improcedente"
"29",1849,9,1,0,0.216216216216216,0.313006346537851,0.399318791538185,0.117073008196728,"resultado=Improcedente"
"30",1853,8,1,0,0.189189189189189,0.340338237390564,0.368631759208724,0.0970956745096851,"resultado=Improcedente"
"31",1973,7,1,0,0.162162162162162,0.373683876611822,0.337310467681305,0.0779595338913488,"resultado=Improcedente"
"32",2018,6,1,0,0.135135135135135,0.415900195928029,0.30533962569165,0.0598071891475782,"resultado=Improcedente"
"33",2092,5,1,0,0.108108108108108,0.472200140801518,0.27276946746508,0.0428470354373904,"resultado=Improcedente"
"34",2255,4,1,0,0.0810810810810811,0.55344946138406,0.239892442486064,0.0274045386388476,"resultado=Improcedente"
"35",2562,3,1,0,0.0540540540540541,0.687730305405377,0.208077618627238,0.014042071314325,"resultado=Improcedente"
"36",2667,2,1,0,0.027027027027027,0.986393923832144,0.186817822657975,0.00391001339982949,"resultado=Improcedente"
"37",3483,1,1,0,0,Inf,NA,NA,"resultado=Improcedente"
"38",49,72,1,0,0.986111111111111,0.0139863559716115,1,0.959446238399534,"resultado=Prejudicado"
"39",63,71,2,0,0.958333333333333,0.0245736593591495,1,0.913270558927878,"resultado=Prejudicado"
"40",64,69,1,0,0.944444444444445,0.0285830975237515,0.998864073526666,0.89298967925906,"resultado=Prejudicado"
"41",66,68,1,0,0.930555555555556,0.0321944753869273,0.991165765833405,0.873651685545458,"resultado=Prejudicado"
"42",70,67,1,0,0.916666666666667,0.0355334527259351,0.982782849242646,0.854998414375377,"resultado=Prejudicado"
"43",79,66,1,0,0.902777777777778,0.0386746234076881,0.973869488083147,0.836875706675594,"resultado=Prejudicado"
"44",94,65,1,0,0.888888888888889,0.0416666666666667,0.964526598385635,0.819182652000042,"resultado=Prejudicado"
"45",150,64,1,0,0.875,0.0445435403187374,0.954824564132445,0.801848872306347,"resultado=Prejudicado"
"46",178,63,1,0,0.861111111111111,0.0473301528539221,0.94481480995479,0.784822949287273,"resultado=Prejudicado"
"47",189,62,1,0,0.847222222222222,0.0500455166229896,0.93453626623071,0.768065959304313,"resultado=Prejudicado"
"48",205,61,1,0,0.833333333333333,0.052704627669473,0.924019240280183,0.751547602227281,"resultado=Prejudicado"
"49",210,60,1,0,0.819444444444445,0.0553196497953846,0.913287863611839,0.735243754225839,"resultado=Prejudicado"
"50",248,59,1,0,0.805555555555556,0.0579006944816376,0.902361708039288,0.719134851695377,"resultado=Prejudicado"
"51",313,58,2,0,0.777777777777778,0.0629940788348712,0.879986860804542,0.687440118198883,"resultado=Prejudicado"
"52",336,56,1,0,0.763888888888889,0.0655204494255747,0.868562951719285,0.671829524173043,"resultado=Prejudicado"
"53",341,55,1,0,0.75,0.0680413817439772,0.856994811402717,0.656363367100564,"resultado=Prejudicado"
"54",365,54,2,0,0.722222222222222,0.0730881682755858,0.833457787521947,0.625832460960562,"resultado=Prejudicado"
"55",368,52,1,0,0.708333333333333,0.0756237677477525,0.821502231504191,0.610754410480931,"resultado=Prejudicado"
"56",403,51,1,0,0.694444444444444,0.0781735959970572,0.809429434891247,0.595793858774789,"resultado=Prejudicado"
"57",405,50,1,0,0.680555555555555,0.0807420236086341,0.797244108741574,0.580946110631797,"resultado=Prejudicado"
"58",410,49,1,0,0.666666666666667,0.0833333333333333,0.78495037790065,0.566207058378787,"resultado=Prejudicado"
"59",411,48,1,0,0.652777777777778,0.0859517705215661,0.772551857760507,0.551573105261487,"resultado=Prejudicado"
"60",435,47,1,0,0.638888888888889,0.0886015888451992,0.760051716935709,0.537041102928271,"resultado=Prejudicado"
"61",438,46,1,0,0.625,0.0912870929175277,0.747452728730109,0.522608300144486,"resultado=Prejudicado"
"62",491,45,2,0,0.597222222222222,0.0967828758851455,0.721967574135585,0.494031027838192,"resultado=Prejudicado"
"63",493,43,2,0,0.569444444444444,0.102476119235411,0.696112113270475,0.465825790310084,"resultado=Prejudicado"
"64",510,41,1,0,0.555555555555555,0.105409255338946,0.683049245126372,0.451859038730859,"resultado=Prejudicado"
"65",518,40,1,0,0.541666666666666,0.108407272597998,0.66989779505176,0.437981405439777,"resultado=Prejudicado"
"66",519,39,1,0,0.527777777777778,0.11147600900999,0.656658622173914,0.42419207379611,"resultado=Prejudicado"
"67",537,38,1,0,0.513888888888889,0.114621717567563,0.643332379694039,0.410490437694199,"resultado=Prejudicado"
"68",545,37,1,0,0.5,0.117851130197758,0.629919522490402,0.396876094602718,"resultado=Prejudicado"
"69",559,36,1,0,0.486111111111111,0.121171529999995,0.61642031241664,0.383348841019309,"resultado=Prejudicado"
"70",580,35,1,0,0.472222222222222,0.1245908335994,0.602834821439409,0.369908670219221,"resultado=Prejudicado"
"71",593,34,1,0,0.458333333333333,0.128117685797635,0.589162932702732,0.356555772239047,"resultado=Prejudicado"
"72",611,33,1,0,0.444444444444444,0.131761569173682,0.575404339553849,0.343290536096217,"resultado=Prejudicado"
"73",622,32,1,0,0.430555555555555,0.135532931891995,0.561558542514976,0.330113554304642,"resultado=Prejudicado"
"74",639,31,1,0,0.416666666666667,0.139443337755679,0.547624844134644,0.317025629809493,"resultado=Prejudicado"
"75",658,30,1,0,0.402777777777778,0.143505643553836,0.533602341599298,0.3040277855329,"resultado=Prejudicado"
"76",672,29,1,0,0.388888888888889,0.14773421007132,0.519489916928198,0.291121276800715,"resultado=Prejudicado"
"77",688,28,1,0,0.375,0.152145154862546,0.505286224509895,0.278307607013035,"resultado=Prejudicado"
"78",694,27,1,0,0.361111111111111,0.15675665718766,0.490989675663862,0.265588547033269,"resultado=Prejudicado"
"79",722,26,2,0,0.333333333333333,0.166666666666667,0.46211032182478,0.240442824718469,"resultado=Prejudicado"
"80",739,24,2,0,0.305555555555555,0.177667263629675,0.432833467007718,0.215704663912228,"resultado=Prejudicado"
"81",746,22,1,0,0.291666666666667,0.183657721673113,0.41803874417845,0.203496555353085,"resultado=Prejudicado"
"82",785,21,1,0,0.277777777777778,0.190029237516523,0.403135161906364,0.191401051355283,"resultado=Prejudicado"
"83",796,20,1,0,0.263888888888889,0.196831628704534,0.388118630813898,0.179422836602769,"resultado=Prejudicado"
"84",823,19,1,0,0.25,0.204124145231932,0.372984510097159,0.167567280431349,"resultado=Prejudicado"
"85",832,18,1,0,0.236111111111111,0.211977924612153,0.357727528046809,0.155840555784202,"resultado=Prejudicado"
"86",845,17,1,0,0.222222222222222,0.220479275922049,0.34234168674176,0.14424978891523,"resultado=Prejudicado"
"87",884,16,2,0,0.194444444444444,0.239874305709641,0.311155096234898,0.121510598517615,"resultado=Prejudicado"
"88",894,14,1,0,0.180555555555555,0.251066102917515,0.295337578765098,0.11038320547723,"resultado=Prejudicado"
"89",895,13,1,0,0.166666666666667,0.263523138347365,0.279357317418432,0.0994345808961614,"resultado=Prejudicado"
"90",897,12,1,0,0.152777777777778,0.277525137636579,0.263202502487362,0.0886809553941715,"resultado=Prejudicado"
"91",941,11,1,0,0.138888888888889,0.293446947694317,0.246859587126604,0.0781420874972825,"resultado=Prejudicado"
"92",952,10,1,0,0.125,0.311804782231162,0.230313144484158,0.0678424153124042,"resultado=Prejudicado"
"93",962,9,1,0,0.111111111111111,0.333333333333333,0.213545949537002,0.0578127519585966,"resultado=Prejudicado"
"94",974,8,1,0,0.0972222222222222,0.359121503071389,0.196539714659687,0.0480928778704793,"resultado=Prejudicado"
"95",983,7,1,0,0.0833333333333333,0.390867979985286,0.179277662774602,0.0387356926510994,"resultado=Prejudicado"
"96",1086,6,1,0,0.0694444444444444,0.431405970184826,0.161752475327229,0.029814263147698,"resultado=Prejudicado"
"97",1143,5,1,0,0.0555555555555555,0.485912657903775,0.143991580657363,0.0214347237456246,"resultado=Prejudicado"
"98",1184,4,1,0,0.0416666666666666,0.565194165260439,0.12614873620154,0.0137624138250377,"resultado=Prejudicado"
"99",1329,3,1,0,0.0277777777777778,0.697216688778396,0.108935497384582,0.00708313595473434,"resultado=Prejudicado"
"100",1617,2,1,0,0.0138888888888889,0.993031273984415,0.0972606698826793,0.00198334264817,"resultado=Prejudicado"
"101",4143,1,1,0,0,Inf,NA,NA,"resultado=Prejudicado"
"102",113,124,1,0,0.991935483870968,0.0080972323531408,1,0.976317445398215,"resultado=Procedente"
"103",125,123,1,0,0.983870967741935,0.0114980512454568,1,0.961946650028314,"resultado=Procedente"
"104",133,122,1,0,0.975806451612903,0.0141402503826876,1,0.949133893303049,"resultado=Procedente"
"105",140,121,1,0,0.967741935483871,0.0163956458945988,0.999345267064905,0.937138028826271,"resultado=Procedente"
"106",155,120,1,0,0.959677419354839,0.0184077487897232,0.994933331258011,0.925670816611459,"resultado=Procedente"
"107",156,119,1,0,0.951612903225806,0.0202499417815011,0.990141135841265,0.914583875778922,"resultado=Procedente"
"108",160,118,1,0,0.943548387096774,0.021965710049445,0.985057139137847,0.903788748307665,"resultado=Procedente"
"109",162,117,1,0,0.935483870967742,0.0235833315318289,0.979739171707623,0.893227603950442,"resultado=Procedente"
"110",167,116,1,0,0.92741935483871,0.0251224211588132,0.974227532297747,0.882860144283604,"resultado=Procedente"
"111",175,115,1,0,0.919354838709677,0.0265972497737857,0.968551652033362,0.872656938516877,"resultado=Procedente"
"112",184,114,1,0,0.911290322580645,0.0280185901339028,0.962733813376481,0.862595704534983,"resultado=Procedente"
"113",198,113,2,0,0.895161290322581,0.0307326028832045,0.950738175294699,0.842833238965718,"resultado=Procedente"
"114",203,111,1,0,0.887096774193548,0.0320373682108383,0.944585462302428,0.833106921703443,"resultado=Procedente"
"115",217,110,1,0,0.879032258064516,0.0333135977878891,0.93834252487908,0.823470843781248,"resultado=Procedente"
"116",232,109,1,0,0.870967741935484,0.0345650564910142,0.93201714118634,0.813917227452076,"resultado=Procedente"
"117",264,108,1,0,0.862903225806452,0.0357949474575827,0.925615901764015,0.80443948260627,"resultado=Procedente"
"118",266,107,3,0,0.838709677419355,0.039381067613161,0.906009767339693,0.776408763298838,"resultado=Procedente"
"119",275,104,1,0,0.830645161290323,0.0405490041190337,0.899354504958884,0.767185109065051,"resultado=Procedente"
"120",276,103,1,0,0.82258064516129,0.041706179872954,0.892645153268346,0.758015562305478,"resultado=Procedente"
"121",277,102,1,0,0.814516129032258,0.042854100970358,0.885884627369466,0.748897208458955,"resultado=Procedente"
"122",279,101,1,0,0.806451612903226,0.043994134506406,0.879075527666162,0.739827447683423,"resultado=Procedente"
"123",281,100,1,0,0.798387096774194,0.0451275300894902,0.872220184502504,0.730803950219402,"resultado=Procedente"
"124",283,99,1,0,0.790322580645161,0.0462554375573381,0.865320694880386,0.721824619673482,"resultado=Procedente"
"125",289,98,1,0,0.782258064516129,0.0473789217003005,0.858378952910591,0.712887562568486,"resultado=Procedente"
"126",304,97,1,0,0.774193548387097,0.0484989746039482,0.851396675256922,0.703991062900655,"resultado=Procedente"
"127",315,96,1,0,0.766129032258065,0.0496165260819561,0.844375422543767,0.695133560733472,"resultado=Procedente"
"128",317,95,1,0,0.758064516129032,0.050732452565475,0.8373166174823,0.686313634072946,"resultado=Procedente"
"129",332,94,1,0,0.75,0.0518475847365213,0.830221560308614,0.677529983431055,"resultado=Procedente"
"130",367,93,1,0,0.741935483870968,0.0529627141332376,0.823091442003961,0.668781418607191,"resultado=Procedente"
"131",370,92,1,0,0.733870967741936,0.0540785989091686,0.815927355672749,0.660066847311947,"resultado=Procedente"
"132",413,91,1,0,0.725806451612903,0.0551959688933789,0.808730306380719,0.651385265330862,"resultado=Procedente"
"133",431,90,1,0,0.717741935483871,0.056315530070732,0.801501219698421,0.642735747982978,"resultado=Procedente"
"134",449,89,1,0,0.709677419354839,0.0574379685800613,0.794240949150076,0.63411744267416,"resultado=Procedente"
"135",463,88,1,0,0.701612903225807,0.0585639543109152,0.786950282732077,0.62552956238093,"resultado=Procedente"
"136",482,87,1,0,0.693548387096774,0.0596941441660062,0.779629948636772,0.61697137992917,"resultado=Procedente"
"137",484,86,1,0,0.685483870967742,0.0608291850456726,0.772280620294187,0.608442222955076,"resultado=Procedente"
"138",487,85,1,0,0.67741935483871,0.0619697166019794,0.76490292082566,0.59994146945438,"resultado=Procedente"
"139",490,84,3,0,0.653225806451613,0.0654305959266261,0.742605152035385,0.574604085421196,"resultado=Procedente"
"140",495,81,1,0,0.645161290322581,0.0665994284582664,0.735119322239893,0.566211603937228,"resultado=Procedente"
"141",497,80,1,0,0.637096774193549,0.0677769261553592,0.727607605968148,0.557845047740738,"resultado=Procedente"
"142",501,79,1,0,0.629032258064516,0.0689637346108849,0.720070393616908,0.549504027930157,"resultado=Procedente"
"143",508,78,1,0,0.620967741935484,0.0701605078229963,0.712508045280563,0.541188185984085,"resultado=Procedente"
"144",509,77,1,0,0.612903225806452,0.071367910210471,0.704920892522105,0.532897191995448,"resultado=Procedente"
"145",530,76,1,0,0.60483870967742,0.0725866186311298,0.697309239957722,0.524630743092442,"resultado=Procedente"
"146",540,75,1,0,0.596774193548387,0.0738173244196866,0.689673366674001,0.51638856202732,"resultado=Procedente"
"147",557,74,1,0,0.588709677419355,0.0750607354610521,0.682013527494206,0.508170395916591,"resultado=Procedente"
"148",603,73,1,0,0.580645161290323,0.0763175783149376,0.674329954107841,0.499976015118479,"resultado=Procedente"
"149",607,72,1,0,0.572580645161291,0.0775886004076711,0.666622856075821,0.491805212235373,"resultado=Procedente"
"150",638,71,1,0,0.564516129032258,0.0788745723074428,0.658892421721884,0.483657801230682,"resultado=Procedente"
"151",645,70,1,0,0.556451612903226,0.0801762900997305,0.651138818919454,0.475533616650959,"resultado=Procedente"
"152",646,69,1,0,0.548387096774194,0.0814945778804266,0.643362195781889,0.467432512945447,"resultado=Procedente"
"153",693,68,1,0,0.540322580645162,0.0828302903851972,0.635562681262891,0.459354363876326,"resultado=Procedente"
"154",695,67,1,0,0.532258064516129,0.0841843157748692,0.627740385672908,0.451299062013946,"resultado=Procedente"
"155",700,66,1,0,0.524193548387097,0.0855575785981764,0.619895401116419,0.443266518312259,"resultado=Procedente"
"156",706,65,1,0,0.516129032258065,0.0869510429550315,0.612027801854187,0.435256661760462,"resultado=Procedente"
"157",729,64,1,0,0.508064516129033,0.0883657158856511,0.604137644593848,0.427269439107646,"resultado=Procedente"
"158",735,63,1,0,0.5,0.0898026510133875,0.596224968711489,0.419304814657929,"resultado=Procedente"
"159",764,62,1,0,0.491935483870968,0.0912629524720659,0.588289796406231,0.41136277013422,"resultado=Procedente"
"160",780,61,1,0,0.483870967741936,0.0927477791520337,0.580332132789249,0.403443304609403,"resultado=Procedente"
"161",789,60,1,0,0.475806451612904,0.0942583493030757,0.572351965908042,0.395546434504317,"resultado=Procedente"
"162",794,59,1,0,0.467741935483871,0.0957959455369201,0.564349266706214,0.387672193652536,"resultado=Procedente"
"163",796,58,1,0,0.459677419354839,0.0973619202773371,0.556323988918458,0.379820633432538,"resultado=Procedente"
"164",799,57,1,0,0.451612903225807,0.0989577017119466,0.548276068899864,0.371991822968461,"resultado=Procedente"
"165",800,56,1,0,0.443548387096774,0.100584800306935,0.540205425388086,0.364185849401299,"resultado=Procedente"
"166",822,55,1,0,0.435483870967742,0.102244815954093,0.532111959196293,0.356402818233013,"resultado=Procedente"
"167",829,54,1,0,0.42741935483871,0.103939445829144,0.523995552834202,0.348642853746783,"resultado=Procedente"
"168",830,53,1,0,0.419354838709678,0.105670493051452,0.515856070053795,0.340906099507331,"resultado=Procedente"
"169",854,52,1,0,0.411290322580645,0.107439876248173,0.507693355315605,0.333192718946133,"resultado=Procedente"
"170",898,51,1,0,0.403225806451613,0.109249640141136,0.499507233170625,0.325502896037172,"resultado=Procedente"
"171",908,50,1,0,0.395161290322581,0.111101967292546,0.491297507552036,0.317836836069982,"resultado=Procedente"
"172",934,49,1,0,0.387096774193549,0.112999191166579,0.483063960969939,0.310194766527773,"resultado=Procedente"
"173",937,48,1,0,0.379032258064516,0.114943810688739,0.474806353601199,0.302576938079801,"resultado=Procedente"
"174",941,47,1,0,0.370967741935484,0.116938506514109,0.466524422265229,0.294983625698535,"resultado=Procedente"
"175",987,46,1,0,0.362903225806452,0.118986159250519,0.458217879275153,0.287415129913875,"resultado=Procedente"
"176",1003,45,1,0,0.35483870967742,0.121089869924121,0.449886411152153,0.279871778218597,"resultado=Procedente"
"177",1019,44,1,0,0.346774193548387,0.123252983024575,0.441529677188958,0.272353926641427,"resultado=Procedente"
"178",1027,43,1,0,0.338709677419355,0.125479112526713,0.433147307846288,0.264861961506721,"resultado=Procedente"
"179",1035,42,1,0,0.330645161290323,0.127772171357486,0.42473890296358,0.257396301402789,"resultado=Procedente"
"180",1044,41,1,0,0.322580645161291,0.130136404864157,0.416304029762448,0.249957399384417,"resultado=Procedente"
"181",1083,40,1,0,0.314516129032258,0.132576428945697,0.407842220617944,0.242545745439392,"resultado=Procedente"
"182",1084,39,1,0,0.306451612903226,0.135097273638856,0.399352970568755,0.235161869253756,"resultado=Procedente"
"183",1091,38,1,0,0.298387096774194,0.137704433109449,0.390835734532782,0.227806343316502,"resultado=Procedente"
"184",1112,37,1,0,0.290322580645162,0.140403923195705,0.382289924189081,0.220479786411472,"resultado=Procedente"
"185",1121,36,1,0,0.282258064516129,0.143202347894147,0.373714904480583,0.2131828675528,"resultado=Procedente"
"186",1163,35,1,0,0.274193548387097,0.146106976482474,0.365109989684263,0.205916310430516,"resultado=Procedente"
"187",1192,34,1,0,0.266129032258065,0.149125833355586,0.3564744389861,0.1986808984455,"resultado=Procedente"
"188",1193,33,1,0,0.258064516129033,0.152267803133058,0.347807451487002,0.191477480428278,"resultado=Procedente"
"189",1200,32,1,0,0.25,0.155542754209564,0.33910816055243,0.184306977154969,"resultado=Procedente"
"190",1204,31,1,0,0.241935483870968,0.158961684705155,0.33037562740212,0.177170388796979,"resultado=Procedente"
"191",1208,30,1,0,0.233870967741936,0.162536895785718,0.321608833816523,0.170068803469973,"resultado=Procedente"
"192",1211,29,1,0,0.225806451612904,0.166282198642108,0.312806673812409,0.163003407083918,"resultado=Procedente"
"193",1220,28,1,0,0.217741935483871,0.170213163145524,0.303967944110481,0.155975494741742,"resultado=Procedente"
"194",1241,27,1,0,0.209677419354839,0.174347418485351,0.295091333181479,0.148986483992287,"resultado=Procedente"
"195",1252,26,1,0,0.201612903225807,0.178705019154381,0.286175408612372,0.142037930317753,"resultado=Procedente"
"196",1290,25,1,0,0.193548387096774,0.183308893776692,0.277218602478741,0.135131545332119,"resultado=Procedente"
"197",1322,24,1,0,0.185483870967742,0.188185399913311,0.2682191943407,0.128269218292695,"resultado=Procedente"
"198",1406,23,1,0,0.17741935483871,0.193365015774605,0.259175291394371,0.121453041692491,"resultado=Procedente"
"199",1412,22,1,0,0.169354838709678,0.19888321067907,0.25008480520533,0.114685341921644,"resultado=Procedente"
"200",1423,21,1,0,0.161290322580645,0.204781551588437,0.240945424320137,0.107968716283252,"resultado=Procedente"
"201",1463,20,1,0,0.153225806451613,0.211109125379118,0.23175458189306,0.101306078054504,"resultado=Procedente"
"202",1467,19,1,0,0.145161290322581,0.217924389242056,0.222509417274666,0.0947007118449532,"resultado=Procedente"
"203",1533,18,1,0,0.137096774193549,0.225297610468315,0.213206730289225,0.0881563422917271,"resultado=Procedente"
"204",1600,17,1,0,0.129032258064516,0.233314131314346,0.203842926693243,0.0816772202563741,"resultado=Procedente"
"205",1698,16,1,0,0.120967741935484,0.242078810591994,0.194413953100686,0.0752682323237951,"resultado=Procedente"
"206",1723,15,1,0,0.112903225806452,0.251722178799444,0.184915219589318,0.0689350418305914,"resultado=Procedente"
"207",1755,14,1,0,0.104838709677419,0.262409147695054,0.175341508522149,0.062684273333019,"resultado=Procedente"
"208",1856,13,1,0,0.0967741935483872,0.274351630584367,0.16568686942126,0.0565237581568974,"resultado=Procedente"
"209",1922,12,1,0,0.088709677419355,0.287827335011911,0.155944503406932,0.0504628678531301,"resultado=Procedente"
"210",2034,11,1,0,0.0806451612903227,0.303208647421157,0.146106650091694,0.0445129775780949,"resultado=Procedente"
"211",2085,10,1,0,0.0725806451612904,0.321008714807058,0.136164513184264,0.0386881275365801,"resultado=Procedente"
"212",2177,9,1,0,0.0645161290322581,0.341958307211519,0.126108320155116,0.0330059975439147,"resultado=Procedente"
"213",2214,8,1,0,0.0564516129032259,0.367141153683581,0.115927767234326,0.0274893985746675,"resultado=Procedente"
"214",2274,7,1,0,0.0483870967741936,0.398248855036188,0.105613541331862,0.0221686642139785,"resultado=Procedente"
"215",2390,6,1,0,0.0403225806451613,0.438104421195413,0.0951619819548073,0.0170857150774528,"resultado=Procedente"
"216",2505,5,1,0,0.0322580645161291,0.491869376837965,0.0845898546644927,0.0123015074379072,"resultado=Procedente"
"217",2594,4,1,0,0.0241935483870968,0.570323432101734,0.0739877388680705,0.00791114571838056,"resultado=Procedente"
"218",2642,3,1,0,0.0161290322580645,0.701381125972868,0.0637712613800675,0.00407935606026759,"resultado=Procedente"
"219",3010,2,1,0,0.00806451612903227,0.995959579436318,0.0567989942741852,0.00114502767569214,"resultado=Procedente"
"220",3013,1,1,0,0,Inf,NA,NA,"resultado=Procedente"
"221",135,51,1,0,0.980392156862745,0.0198029508595335,1,0.943069123094408,"resultado=Procedente em parte"
"222",175,50,1,0,0.96078431372549,0.0282899297993335,1,0.908961465269934,"resultado=Procedente em parte"
"223",226,49,1,0,0.941176470588235,0.0350070021007002,1,0.878765598580775,"resultado=Procedente em parte"
"224",239,48,1,0,0.92156862745098,0.0408503685102833,0.998388519851833,0.85065955608937,"resultado=Procedente em parte"
"225",244,47,1,0,0.901960784313725,0.0461658672346541,0.987379515628992,0.823931673244795,"resultado=Procedente em parte"
"226",266,46,1,0,0.88235294117647,0.0511309992564914,0.975360409111157,0.798214388783993,"resultado=Procedente em parte"
"227",323,45,2,0,0.843137254901961,0.0603984338889136,0.949094637562015,0.749009005497793,"resultado=Procedente em parte"
"228",324,43,1,0,0.823529411764706,0.0648203723552164,0.935091943568891,0.725277013352385,"resultado=Procedente em parte"
"229",370,42,2,0,0.784313725490196,0.073431307102251,0.905721458324077,0.679180132411309,"resultado=Procedente em parte"
"230",462,40,1,0,0.764705882352941,0.0776735637380617,0.890451537757651,0.656717476144496,"resultado=Procedente em parte"
"231",495,39,1,0,0.745098039215686,0.0819020533102151,0.874839884729117,0.634597367739997,"resultado=Procedente em parte"
"232",520,38,1,0,0.725490196078431,0.0861346845920511,0.858913689042555,0.612792683735936,"resultado=Procedente em parte"
"233",525,37,1,0,0.705882352941176,0.0903876907577734,0.842695095893468,0.591281352676534,"resultado=Procedente em parte"
"234",530,36,1,0,0.686274509803921,0.0946762136662302,0.826202314819825,0.570045247221705,"resultado=Procedente em parte"
"235",542,35,1,0,0.666666666666666,0.0990147542976674,0.809450419738762,0.549069385358874,"resultado=Procedente em parte"
"236",554,34,1,0,0.647058823529411,0.103417537999004,0.792451937775367,0.528341343050572,"resultado=Procedente em parte"
"237",555,33,1,0,0.627450980392157,0.10789882697576,0.775217289732357,0.507850815519093,"resultado=Procedente em parte"
"238",556,32,1,0,0.607843137254902,0.112473202936851,0.757755123761526,0.487589285670285,"resultado=Procedente em parte"
"239",582,31,1,0,0.588235294117647,0.117155837225801,0.740072570372775,0.46754977160062,"resultado=Procedente em parte"
"240",589,30,1,0,0.568627450980392,0.121962762691876,0.722175438202136,0.447726633868094,"resultado=Procedente em parte"
"241",620,29,1,0,0.549019607843137,0.126911160175261,0.704068364151238,0.428115429045872,"resultado=Procedente em parte"
"242",624,28,1,0,0.529411764705882,0.13201967239689,0.685754927538178,0.408712800089056,"resultado=Procedente em parte"
"243",630,27,1,0,0.509803921568627,0.137308759095272,0.667237735112417,0.389516396885082,"resultado=Procedente em parte"
"244",639,26,1,0,0.490196078431372,0.142801109459083,0.648518481775152,0.370524822441079,"resultado=Procedente em parte"
"245",670,25,1,0,0.470588235294118,0.148522131446501,0.629597990348232,0.351737601758775,"resultado=Procedente em parte"
"246",679,24,1,0,0.450980392156863,0.154500542822057,0.610476232573924,0.333155171745903,"resultado=Procedente em parte"
"247",684,23,1,0,0.431372549019608,0.160769096275654,0.591152332584572,0.31477889165066,"resultado=Procedente em parte"
"248",777,22,1,0,0.411764705882353,0.167365481751145,0.57162455326978,0.296611074595252,"resultado=Procedente em parte"
"249",918,21,1,0,0.392156862745098,0.174333464552119,0.551890265225838,0.278655041931473,"resultado=Procedente em parte"
"250",959,20,1,0,0.372549019607843,0.181724340169702,0.531945897249736,0.260915203460259,"resultado=Procedente em parte"
"251",1027,19,1,0,0.352941176470588,0.18959881966484,0.511786866603947,0.243397168190408,"resultado=Procedente em parte"
"252",1109,18,1,0,0.333333333333333,0.198029508595335,0.491407486511443,0.226107892453779,"resultado=Procedente em parte"
"253",1120,17,1,0,0.313725490196078,0.207104217394878,0.470800847559304,0.209055875130666,"resultado=Procedente em parte"
"254",1151,16,1,0,0.294117647058823,0.216930457818656,0.449958668979679,0.192251413907808,"resultado=Procedente em parte"
"255",1153,15,1,0,0.274509803921569,0.227641666421849,0.428871115380192,0.175706942591029,"resultado=Procedente em parte"
"256",1184,14,1,0,0.254901960784314,0.239406001983706,0.407526575004759,0.159437478674683,"resultado=Procedente em parte"
"257",1501,13,1,0,0.235294117647059,0.252439082148701,0.385911398421014,0.143461224586346,"resultado=Procedente em parte"
"258",1609,12,1,0,0.215686274509804,0.267022934917276,0.364009604959591,0.127800388720739,"resultado=Procedente em parte"
"259",1730,11,1,0,0.196078431372549,0.283535106931655,0.341802586242603,0.112482329850573,"resultado=Procedente em parte"
"260",1745,10,1,0,0.176470588235294,0.30249507099101,0.319268891642829,0.0975411927916534,"resultado=Procedente em parte"
"261",1923,9,1,0,0.156862745098039,0.324641582152911,0.296384321868209,0.0830203184992818,"resultado=Procedente em parte"
"262",1929,8,1,0,0.137254901960784,0.351068796277721,0.273122931431033,0.0689759296795683,"resultado=Procedente em parte"
"263",2068,7,1,0,0.117647058823529,0.383482494423685,0.24946060158856,0.0554830316358129,"resultado=Procedente em parte"
"264",2161,6,1,0,0.0980392156862745,0.424725978558817,0.22538615598752,0.0426454223431187,"resultado=Procedente em parte"
"265",2281,5,1,0,0.0784313725490196,0.479991829995829,0.200936855516318,0.0306139965419312,"resultado=Procedente em parte"
"266",2599,4,1,0,0.0588235294117647,0.560112033611204,0.176327197907843,0.0196237883520681,"resultado=Procedente em parte"
"267",2809,3,1,0,0.0392156862745098,0.693103280083672,0.152556389261218,0.0100806662862708,"resultado=Procedente em parte"
"268",2892,2,1,0,0.0196078431372549,0.990147542976674,0.1365352973543,0.00281588365752429,"resultado=Procedente em parte"
"269",3185,1,1,0,0,Inf,NA,NA,"resultado=Procedente em parte"
"270",23,407,1,0,0.997542997542998,0.00246002646117094,1,0.992744857434302,"resultado=Sem mérito"
"271",24,406,1,0,0.995085995085995,0.00348329520234487,1,0.988315548176326,"resultado=Sem mérito"
"272",27,405,1,0,0.992628992628993,0.00427142455745367,1,0.984353551875205,"resultado=Sem mérito"
"273",28,404,2,0,0.987714987714988,0.0055280857493593,0.998474916272549,0.977071012057872,"resultado=Sem mérito"
"274",29,402,2,0,0.982800982800983,0.00655725117694473,0.995513432658498,0.970250867650442,"resultado=Sem mérito"
"275",30,400,2,0,0.977886977886978,0.00745388201327971,0.992278128157771,0.963704544507386,"resultado=Sem mérito"
"276",31,398,6,0,0.963144963144963,0.00969628543107144,0.981623961307491,0.945013830750337,"resultado=Sem mérito"
"277",32,392,2,0,0.958230958230958,0.0103489181608566,0.977865699995544,0.938990465987716,"resultado=Sem mérito"
"278",33,390,1,0,0.955773955773956,0.0106626277437197,0.97595824478588,0.936007108312522,"resultado=Sem mérito"
"279",34,389,1,0,0.953316953316953,0.0109689165657511,0.974033906444329,0.933040633871879,"resultado=Sem mérito"
"280",35,388,2,0,0.948402948402949,0.0115616226424787,0.97013945284769,0.927153462215313,"resultado=Sem mérito"
"281",36,386,2,0,0.943488943488944,0.0121311256552807,0.966190689145752,0.921320601084367,"resultado=Sem mérito"
"282",37,384,1,0,0.941031941031941,0.0124082069792052,0.964198051875041,0.918422426098314,"resultado=Sem mérito"
"283",38,383,2,0,0.936117936117936,0.0129487242231828,0.960179745459647,0.912659108323727,"resultado=Sem mérito"
"284",39,381,3,0,0.928746928746929,0.0137295370825162,0.954078246393482,0.904088171926635,"resultado=Sem mérito"
"285",40,378,1,0,0.926289926289926,0.0139827549823612,0.952026601504336,0.901249005217308,"resultado=Sem mérito"
"286",41,377,1,0,0.923832923832924,0.0142327794573881,0.949966738679956,0.898418056556002,"resultado=Sem mérito"
"287",42,376,4,0,0.914004914004914,0.0152042621000921,0.94165197586591,0.887169574573367,"resultado=Sem mérito"
"288",44,372,2,0,0.909090909090909,0.0156748284105519,0.937453539102962,0.881586389638629,"resultado=Sem mérito"
"289",47,370,1,0,0.906633906633907,0.0159067483562338,0.935344949754542,0.878804168316693,"resultado=Sem mérito"
"290",48,369,2,0,0.901719901719902,0.0163643876550428,0.93111012030433,0.873257376788033,"resultado=Sem mérito"
"291",50,367,2,0,0.896805896805897,0.0168143858167583,0.926853056357741,0.867732820244815,"resultado=Sem mérito"
"292",51,365,2,0,0.891891891891892,0.0172574181045909,0.922575158989746,0.862229097620154,"resultado=Sem mérito"
"293",54,363,2,0,0.886977886977887,0.0176940850424829,0.918277673345624,0.856744963777036,"resultado=Sem mérito"
"294",56,361,1,0,0.884520884520885,0.0179102015838829,0.916121937219635,0.85400989035157,"resultado=Sem mérito"
"295",57,360,1,0,0.882063882063882,0.0181249238158897,0.913961711948445,0.851279306200842,"resultado=Sem mérito"
"296",59,359,4,0,0.872235872235872,0.0189710029109757,0.905278259472208,0.840399522306687,"resultado=Sem mérito"
"297",62,355,1,0,0.86977886977887,0.0191795802889346,0.903097294335843,0.837689678685358,"resultado=Sem mérito"
"298",63,354,3,0,0.862407862407863,0.0197989997727257,0.896531692233819,0.829582855336392,"resultado=Sem mérito"
"299",64,351,1,0,0.85995085995086,0.0200035096955609,0.894335877566097,0.826887861798398,"resultado=Sem mérito"
"300",65,350,2,0,0.855036855036855,0.0204098202194029,0.889933807064072,0.821508316313104,"resultado=Sem mérito"
"301",67,348,1,0,0.852579852579853,0.020611693850846,0.887727699353138,0.818823616244879,"resultado=Sem mérito"
"302",69,347,2,0,0.847665847665848,0.0210130499365329,0.883305686616048,0.813464013858876,"resultado=Sem mérito"
"303",70,345,1,0,0.845208845208845,0.0212125973700438,0.881089912259343,0.810788980874176,"resultado=Sem mérito"
"304",71,344,3,0,0.837837837837838,0.0218070828550184,0.874424248291525,0.802782223713851,"resultado=Sem mérito"
"305",72,341,1,0,0.835380835380836,0.0220039544988118,0.872196436264553,0.800119229001193,"resultado=Sem mérito"
"306",74,340,2,0,0.830466830466831,0.0223959242866721,0.867732245394485,0.794801806854702,"resultado=Sem mérito"
"307",76,338,2,0,0.825552825552826,0.0227856976892967,0.863256961333288,0.789495478525455,"resultado=Sem mérito"
"308",78,336,3,0,0.818181818181818,0.0233666545744261,0.856524039860653,0.781555982611082,"resultado=Sem mérito"
"309",79,333,2,0,0.813267813267814,0.0237517489724719,0.852022590775473,0.776275820920934,"resultado=Sem mérito"
"310",80,331,3,0,0.805896805896806,0.0243264882546253,0.845251945078938,0.768374051708359,"resultado=Sem mérito"
"311",81,328,1,0,0.803439803439804,0.0245173717704959,0.842990282036897,0.765744910121202,"resultado=Sem mérito"
"312",82,327,2,0,0.798525798525799,0.0248982051546014,0.838459987725246,0.76049359569465,"resultado=Sem mérito"
"313",83,325,3,0,0.791154791154791,0.0254673831617884,0.83164759954969,0.752633572087624,"resultado=Sem mérito"
"314",84,322,1,0,0.788697788697789,0.0256566237160179,0.829372404086336,0.750017963983316,"resultado=Sem mérito"
"315",85,321,3,0,0.781326781326782,0.0262231125354687,0.822534010923745,0.74218394754629,"resultado=Sem mérito"
"316",86,318,1,0,0.778869778869779,0.0264115822223822,0.820250365426542,0.739576790217214,"resultado=Sem mérito"
"317",87,317,1,0,0.776412776412777,0.0265998967107555,0.817964671399591,0.736971681607639,"resultado=Sem mérito"
"318",89,316,1,0,0.773955773955774,0.0267880704344437,0.815676952987583,0.734368597574683,"resultado=Sem mérito"
"319",91,315,3,0,0.766584766584767,0.0273518874691629,0.808801882881729,0.726571261513438,"resultado=Sem mérito"
"320",92,312,1,0,0.764127764127765,0.027539637372319,0.806506295201089,0.723976047533905,"resultado=Sem mérito"
"321",94,311,2,0,0.75921375921376,0.0279149332381451,0.801909400249188,0.718791339770271,"resultado=Sem mérito"
"322",95,309,2,0,0.754299754299755,0.0282900430050143,0.797305012664144,0.713614125459339,"resultado=Sem mérito"
"323",98,307,1,0,0.751842751842752,0.0284775595725247,0.795000057214032,0.711028280273821,"resultado=Sem mérito"
"324",103,306,3,0,0.744471744471745,0.0290401028923942,0.788074363102941,0.703281573752205,"resultado=Sem mérito"
"325",105,303,2,0,0.73955773955774,0.0294152456935204,0.783448383661035,0.698125953855301,"resultado=Sem mérito"
"326",106,301,2,0,0.734643734643735,0.0297905882511359,0.778815477622102,0.692977261442112,"resultado=Sem mérito"
"327",107,299,1,0,0.732186732186733,0.0299783628803195,0.776496466169823,0.69040547400642,"resultado=Sem mérito"
"328",108,298,1,0,0.72972972972973,0.0301662213411112,0.77417576914006,0.68783537237664,"resultado=Sem mérito"
"329",109,297,3,0,0.722358722358723,0.0307304098120287,0.767203708477866,0.680135038454106,"resultado=Sem mérito"
"330",112,294,1,0,0.71990171990172,0.0309187132053388,0.764876411275754,0.677571537933874,"resultado=Sem mérito"
"331",113,293,2,0,0.714987714987715,0.0312957450755855,0.7602169810609,0.672449373427509,"resultado=Sem mérito"
"332",114,291,1,0,0.712530712530713,0.0314844946770074,0.757884873482885,0.669890684011641,"resultado=Sem mérito"
"333",116,290,1,0,0.710073710073711,0.0316734140164001,0.755551187371766,0.667333573376746,"resultado=Sem mérito"
"334",117,289,1,0,0.707616707616708,0.0318625134793187,0.753215934693674,0.664778029559277,"resultado=Sem mérito"
"335",119,288,1,0,0.705159705159706,0.0320518033890268,0.750879127128869,0.662224040881593,"resultado=Sem mérito"
"336",120,287,1,0,0.702702702702703,0.0322412940109581,0.748540776079394,0.659671595944307,"resultado=Sem mérito"
"337",124,286,2,0,0.697788697788698,0.0326209181900345,0.743859487787362,0.654571293040809,"resultado=Sem mérito"
"338",126,284,2,0,0.692874692874693,0.0330014671458359,0.7391721557423,0.649477034946065,"resultado=Sem mérito"
"339",127,282,3,0,0.685503685503686,0.0335742004175609,0.732130003783331,0.641846803724499,"resultado=Sem mérito"
"340",128,279,1,0,0.683046683046683,0.0337656607392158,0.729779684249688,0.639306329417426,"resultado=Sem mérito"
"341",130,278,1,0,0.680589680589681,0.0339574122430824,0.727427912458251,0.636767307649538,"resultado=Sem mérito"
"342",132,277,2,0,0.675675675675676,0.0343418284219286,0.722720047822423,0.631693586023167,"resultado=Sem mérito"
"343",134,275,2,0,0.670761670761671,0.0347275280721391,0.718006479239532,0.626625569506722,"resultado=Sem mérito"
"344",137,273,1,0,0.668304668304669,0.0349208838839002,0.71564757676029,0.62409367988039,"resultado=Sem mérito"
"345",138,272,1,0,0.665847665847666,0.0351145901779666,0.713287272855681,0.621563191979859,"resultado=Sem mérito"
"346",140,271,2,0,0.660933660933661,0.0355030936955732,0.708562491742865,0.616506390397104,"resultado=Sem mérito"
"347",142,269,1,0,0.658476658476659,0.0356979106752711,0.706198029565608,0.613980061690762,"resultado=Sem mérito"
"348",147,268,3,0,0.651105651105651,0.0362847412648612,0.699096443040896,0.606409277463474,"resultado=Sem mérito"
"349",148,265,2,0,0.646191646191646,0.0366780440020844,0.694355287383854,0.601368854237632,"resultado=Sem mérito"
"350",155,263,3,0,0.638820638820639,0.0372713212691929,0.687233537022793,0.593818238776776,"resultado=Sem mérito"
"351",156,260,1,0,0.636363636363637,0.0374700067253984,0.68485697368534,0.591304014189699,"resultado=Sem mérito"
"352",157,259,2,0,0.631449631449632,0.0378688279017866,0.680099912319757,0.586279500754308,"resultado=Sem mérito"
"353",160,257,1,0,0.628992628992629,0.0380689840026963,0.677719425498704,0.583769200707108,"resultado=Sem mérito"
"354",161,256,1,0,0.626535626535627,0.0382696507751054,0.675337641823537,0.581260197874416,"resultado=Sem mérito"
"355",162,255,1,0,0.624078624078624,0.0384708385275561,0.672954566551516,0.578752487003228,"resultado=Sem mérito"
"356",164,254,1,0,0.621621621621622,0.0386725576211093,0.670570204805727,0.576246062974784,"resultado=Sem mérito"
"357",165,253,2,0,0.616707616707617,0.0390776315558845,0.665797641727967,0.57123705562866,"resultado=Sem mérito"
"358",166,251,1,0,0.614250614250615,0.0392810074081297,0.663409449991483,0.568734462724493,"resultado=Sem mérito"
"359",167,250,1,0,0.611793611793612,0.0394849566294007,0.661019990976399,0.566233137485909,"resultado=Sem mérito"
"360",169,249,2,0,0.606879606879607,0.0398946179195761,0.656237288928787,0.56123427220594,"resultado=Sem mérito"
"361",179,247,1,0,0.604422604422605,0.040100351537163,0.653844054503354,0.558736723567058,"resultado=Sem mérito"
"362",180,246,1,0,0.601965601965602,0.0403067016271335,0.651449570017158,0.556240425395118,"resultado=Sem mérito"
"363",181,245,2,0,0.597051597051597,0.0407212951715205,0.646656866786195,0.551251564548411,"resultado=Sem mérito"
"364",182,243,1,0,0.594594594594595,0.0409295608082498,0.644258655718581,0.548758994206734,"resultado=Sem mérito"
"365",184,242,1,0,0.592137592137593,0.0411384872881653,0.641859209947673,0.546267658995016,"resultado=Sem mérito"
"366",192,241,1,0,0.58968058968059,0.0413480859250366,0.639458533034363,0.543777555357702,"resultado=Sem mérito"
"367",196,240,1,0,0.587223587223588,0.0415583681273409,0.637056628431123,0.541288679847746,"resultado=Sem mérito"
"368",197,239,1,0,0.584766584766585,0.0417693454014598,0.634653499483397,0.538801029125219,"resultado=Sem mérito"
"369",200,238,2,0,0.57985257985258,0.0421934316996231,0.629843581409132,0.533829389210345,"resultado=Sem mérito"
"370",203,236,2,0,0.574938574938575,0.042620438952477,0.625028803484308,0.528862610986373,"resultado=Sem mérito"
"371",205,234,1,0,0.572481572481573,0.0428350678365259,0.622619599340997,0.526381037760233,"resultado=Sem mérito"
"372",207,233,2,0,0.567567567567568,0.0432666369388917,0.617797574342339,0.521421509460416,"resultado=Sem mérito"
"373",209,231,1,0,0.565110565110566,0.0434836018512044,0.61538475865155,0.518943549234713,"resultado=Sem mérito"
"374",212,230,1,0,0.562653562653563,0.0437013703454683,0.61297074411442,0.516466788352387,"resultado=Sem mérito"
"375",213,229,2,0,0.557739557739558,0.0441393688968236,0.608139127770648,0.51151685537464,"resultado=Sem mérito"
"376",214,227,1,0,0.555282555282556,0.0443596247060262,0.605721530362538,0.509043678894123,"resultado=Sem mérito"
"377",216,226,1,0,0.552825552825553,0.0445807356090272,0.603302742906815,0.506571692985131,"resultado=Sem mérito"
"378",224,225,2,0,0.547911547911549,0.0450255757956849,0.598461605627768,0.501631285134693,"resultado=Sem mérito"
"379",226,223,2,0,0.542997542997544,0.0454739971942823,0.593615730571622,0.496695617242904,"resultado=Sem mérito"
"380",229,221,1,0,0.540540540540541,0.0456995852109413,0.591191020555917,0.494229556621327,"resultado=Sem mérito"
"381",231,220,1,0,0.538083538083539,0.0459261100971946,0.588765130931627,0.491764676176318,"resultado=Sem mérito"
"382",234,219,1,0,0.535626535626536,0.0461535860611101,0.586338063125358,0.489300974489093,"resultado=Sem mérito"
"383",236,218,2,0,0.530712530712531,0.0466114489436573,0.581480398233913,0.484377102152973,"resultado=Sem mérito"
"384",237,216,1,0,0.528255528255529,0.046841865181643,0.579049803563992,0.4819169291052,"resultado=Sem mérito"
"385",240,215,1,0,0.525798525798527,0.0470732911453961,0.576618035543486,0.479457930016575,"resultado=Sem mérito"
"386",241,214,1,0,0.523341523341524,0.0473057419744022,0.574185095163697,0.477000103904375,"resultado=Sem mérito"
"387",245,213,2,0,0.518427518427519,0.047773779794868,0.569315700862563,0.472087967108074,"resultado=Sem mérito"
"388",252,211,1,0,0.515970515970517,0.0480093980893565,0.566879248495865,0.469633654887304,"resultado=Sem mérito"
"389",262,210,1,0,0.513513513513514,0.0482461038656268,0.564441626879743,0.467180512569063,"resultado=Sem mérito"
"390",265,209,2,0,0.508599508599509,0.0487228428706051,0.55956287807487,0.462277735502411,"resultado=Sem mérito"
"391",267,207,1,0,0.506142506142507,0.0489629091766041,0.557121751762831,0.45982809989669,"resultado=Sem mérito"
"392",274,206,2,0,0.501228501228502,0.049446519870576,0.552235996879606,0.454932333030332,"resultado=Sem mérito"
"393",282,204,1,0,0.498771498771499,0.0496900987861946,0.549791368680231,0.452486201418449,"resultado=Sem mérito"
"394",285,203,1,0,0.496314496314497,0.0499348835234698,0.54734557341694,0.450041237593553,"resultado=Sem mérito"
"395",288,202,1,0,0.493857493857495,0.0501808919919425,0.544898611065766,0.447597441590411,"resultado=Sem mérito"
"396",289,201,1,0,0.491400491400492,0.0504281423710763,0.542450481518806,0.44515481352794,"resultado=Sem mérito"
"397",291,200,2,0,0.486486486486487,0.0509264429692728,0.537550719986002,0.44027306212171,"resultado=Sem mérito"
"398",292,198,1,0,0.484029484029485,0.0511775309581972,0.535099087364196,0.437833939437074,"resultado=Sem mérito"
"399",293,197,1,0,0.481572481572482,0.0514299364118222,0.532646286274457,0.43539598601159,"resultado=Sem mérito"
"400",294,196,1,0,0.47911547911548,0.0516836789635052,0.530192316188044,0.432959202386178,"resultado=Sem mérito"
"401",295,195,1,0,0.476658476658477,0.051938778559524,0.527737176491599,0.430523589186628,"resultado=Sem mérito"
"402",296,194,1,0,0.474201474201475,0.0521952554669159,0.525280866486933,0.428089147123819,"resultado=Sem mérito"
"403",299,193,1,0,0.471744471744472,0.0524531302815273,0.522823385390766,0.425655876993986,"resultado=Sem mérito"
"404",300,192,1,0,0.46928746928747,0.0527124239362826,0.520364732334451,0.423223779679001,"resultado=Sem mérito"
"405",301,191,1,0,0.466830466830467,0.0529731577096777,0.517904906363657,0.4207928561467,"resultado=Sem mérito"
"406",302,190,1,0,0.464373464373465,0.0532353532345079,0.515443906438022,0.418363107451233,"resultado=Sem mérito"
"407",307,189,1,0,0.461916461916463,0.0534990325068384,0.512981731430781,0.415934534733452,"resultado=Sem mérito"
"408",312,188,1,0,0.45945945945946,0.0537642178952251,0.510518380128351,0.413507139221325,"resultado=Sem mérito"
"409",317,187,1,0,0.457002457002458,0.0540309321501957,0.50805385122989,0.411080922230387,"resultado=Sem mérito"
"410",321,186,1,0,0.454545454545455,0.0542991984140001,0.505588143346823,0.408655885164228,"resultado=Sem mérito"
"411",322,185,1,0,0.452088452088453,0.0545690402306399,0.503121255002333,0.406232029515003,"resultado=Sem mérito"
"412",323,184,1,0,0.44963144963145,0.054840481556187,0.500653184630817,0.403809356863992,"resultado=Sem mérito"
"413",326,183,2,0,0.444717444717445,0.0553882606826625,0.495713491096875,0.398967567330872,"resultado=Sem mérito"
"414",330,181,1,0,0.442260442260443,0.0556646485532164,0.493241864353954,0.396548454062372,"resultado=Sem mérito"
"415",339,180,1,0,0.43980343980344,0.0559427360947647,0.490769048421683,0.394130531020653,"resultado=Sem mérito"
"416",348,179,1,0,0.437346437346438,0.0562225494893946,0.48829504128118,0.391713800242095,"resultado=Sem mérito"
"417",357,178,1,0,0.434889434889435,0.0565041153998701,0.48581984082078,0.389298263856256,"resultado=Sem mérito"
"418",369,177,1,0,0.432432432432433,0.0567874609822954,0.483343444835246,0.386883924086674,"resultado=Sem mérito"
"419",370,176,1,0,0.42997542997543,0.0570726138991658,0.480865851024934,0.384470783251709,"resultado=Sem mérito"
"420",372,175,1,0,0.427518427518428,0.0573596023328191,0.478387056994924,0.382058843765434,"resultado=Sem mérito"
"421",379,174,1,0,0.425061425061426,0.0576484549993041,0.475907060254101,0.379648108138553,"resultado=Sem mérito"
"422",383,173,1,0,0.422604422604423,0.0579392011626812,0.47342585821421,0.377238578979371,"resultado=Sem mérito"
"423",387,172,1,0,0.420147420147421,0.0582318706497723,0.470943448188857,0.3748302589948,"resultado=Sem mérito"
"424",389,171,1,0,0.417690417690418,0.058526493865377,0.468459827392471,0.37242315099141,"resultado=Sem mérito"
"425",391,170,1,0,0.415233415233416,0.058823101807973,0.465974992939225,0.370017257876527,"resultado=Sem mérito"
"426",397,169,1,0,0.412776412776413,0.0591217260859195,0.463488941841909,0.367612582659372,"resultado=Sem mérito"
"427",402,168,1,0,0.410319410319411,0.0594223989341843,0.46100167101076,0.365209128452246,"resultado=Sem mérito"
"428",408,167,1,0,0.407862407862408,0.0597251532316135,0.458513177252242,0.362806898471767,"resultado=Sem mérito"
"429",413,166,1,0,0.405405405405406,0.0600300225187664,0.45602345726778,0.36040589604015,"resultado=Sem mérito"
"430",416,165,1,0,0.402948402948403,0.0603370410163384,0.453532507652447,0.358006124586543,"resultado=Sem mérito"
"431",417,164,1,0,0.400491400491401,0.0606462436441938,0.451040324893594,0.355607587648404,"resultado=Sem mérito"
"432",422,163,1,0,0.398034398034398,0.0609576660410352,0.448546905369439,0.353210288872947,"resultado=Sem mérito"
"433",429,162,1,0,0.395577395577396,0.0612713445847334,0.44605224534759,0.350814232018619,"resultado=Sem mérito"
"434",432,161,1,0,0.393120393120393,0.0615873164133455,0.443556340983522,0.348419420956658,"resultado=Sem mérito"
"435",433,160,2,0,0.388206388206389,0.0622262924096252,0.438560783280419,0.34363355226837,"resultado=Sem mérito"
"436",435,158,1,0,0.385749385749386,0.0625493748537098,0.436061121677148,0.34124250296315,"resultado=Sem mérito"
"437",440,157,1,0,0.383292383292384,0.0628749071828655,0.433560199199728,0.338852716096011,"resultado=Sem mérito"
"438",444,156,1,0,0.380835380835381,0.063202930677488,0.431058011418068,0.33646419612734,"resultado=Sem mérito"
"439",451,155,1,0,0.378378378378379,0.0635334875203938,0.428554553779557,0.334076947640828,"resultado=Sem mérito"
"440",456,154,1,0,0.375921375921376,0.0638666208235244,0.426049821607107,0.33169097534546,"resultado=Sem mérito"
"441",461,153,1,0,0.373464373464374,0.0642023746556044,0.423543810097132,0.329306284077557,"resultado=Sem mérito"
"442",466,152,1,0,0.371007371007371,0.0645407940707963,0.421036514317453,0.326922878802902,"resultado=Sem mérito"
"443",476,151,1,0,0.368550368550369,0.0648819251383944,0.41852792920513,0.324540764618936,"resultado=Sem mérito"
"444",483,150,2,0,0.363636363636364,0.0655725117694473,0.413506870063445,0.31978043058484,"resultado=Sem mérito"
"445",490,148,1,0,0.361179361179362,0.065922064829865,0.410994385233816,0.31740222160874,"resultado=Sem mérito"
"446",498,147,1,0,0.358722358722359,0.0662745246040339,0.408480589466119,0.315025325476344,"resultado=Sem mérito"
"447",499,146,1,0,0.356265356265357,0.0666299427219885,0.405965477008355,0.31264974797911,"resultado=Sem mérito"
"448",501,145,1,0,0.353808353808354,0.0669883720315846,0.40344904196308,0.310275495055043,"resultado=Sem mérito"
"449",506,144,1,0,0.351351351351352,0.0673498666368727,0.40093127828465,0.307902572791481,"resultado=Sem mérito"
"450",511,143,1,0,0.348894348894349,0.0677144819379452,0.398412179776366,0.305530987427992,"resultado=Sem mérito"
"451",513,142,1,0,0.346437346437347,0.0680822746723244,0.395891740087535,0.303160745359358,"resultado=Sem mérito"
"452",518,141,1,0,0.343980343980344,0.0684533029579631,0.393369952710409,0.300791853138672,"resultado=Sem mérito"
"453",533,140,1,0,0.341523341523342,0.0688276263379327,0.390846810977036,0.298424317480544,"resultado=Sem mérito"
"454",546,139,1,0,0.339066339066339,0.0692053058268782,0.388322308055985,0.29605814526441,"resultado=Sem mérito"
"455",548,138,1,0,0.336609336609337,0.0695864039593241,0.385796436948968,0.29369334353797,"resultado=Sem mérito"
"456",550,137,1,0,0.334152334152334,0.0699709848399187,0.383269190487338,0.291329919520735,"resultado=Sem mérito"
"457",551,136,1,0,0.331695331695332,0.0703591141957099,0.380740561328465,0.28896788060771,"resultado=Sem mérito"
"458",553,135,2,0,0.326781326781327,0.0711462896817448,0.37567912465591,0.284247988574748,"resultado=Sem mérito"
"459",563,133,2,0,0.321867321867322,0.0719484908059723,0.370612064564664,0.279533730257091,"resultado=Sem mérito"
"460",567,131,3,0,0.314496314496315,0.0731812649726523,0.363000786579668,0.272473050991743,"resultado=Sem mérito"
"461",571,128,1,0,0.312039312039312,0.0736003620305569,0.36046080932822,0.270122381513347,"resultado=Sem mérito"
"462",572,127,1,0,0.30958230958231,0.0740236818829318,0.357919374801208,0.267773172266934,"resultado=Sem mérito"
"463",583,126,1,0,0.307125307125307,0.0744513098810057,0.355376473686065,0.265425432636097,"resultado=Sem mérito"
"464",609,125,1,0,0.304668304668305,0.0748833337400907,0.352832096446722,0.263079172230226,"resultado=Sem mérito"
"465",615,124,1,0,0.302211302211302,0.0753198436257707,0.350286233318057,0.26073440089015,"resultado=Sem mérito"
"466",624,123,1,0,0.2997542997543,0.0757609322439538,0.347738874300149,0.258391128693983,"resultado=Sem mérito"
"467",632,122,1,0,0.297297297297297,0.0762066949349918,0.345190009152304,0.256049365963197,"resultado=Sem mérito"
"468",635,121,1,0,0.294840294840295,0.0766572297720892,0.342639627386871,0.253709123268919,"resultado=Sem mérito"
"469",642,120,1,0,0.292383292383293,0.0771126376642335,0.340087718262807,0.251370411438475,"resultado=Sem mérito"
"470",646,119,1,0,0.28992628992629,0.0775730224638951,0.337534270779011,0.249033241562179,"resultado=Sem mérito"
"471",651,118,2,0,0.285012285012285,0.0785091535947876,0.332422715385672,0.244363573390825,"resultado=Sem mérito"
"472",654,116,1,0,0.282555282555283,0.0789851233898548,0.329864584109914,0.242031098656208,"resultado=Sem mérito"
"473",665,115,1,0,0.28009828009828,0.0794665172733708,0.327304867726745,0.239700213012151,"resultado=Sem mérito"
"474",673,114,1,0,0.277641277641278,0.0799534556171366,0.324743553825283,0.237370928975403,"resultado=Sem mérito"
"475",675,113,2,0,0.272727272727273,0.0809444658516353,0.319616082285681,0.232717217348198,"resultado=Sem mérito"
"476",678,111,1,0,0.270270270270271,0.0814487976210001,0.317049898260945,0.23039281637569,"resultado=Sem mérito"
"477",683,110,1,0,0.267813267813268,0.0819591939296809,0.314482063926179,0.228070070265303,"resultado=Sem mérito"
"478",692,109,1,0,0.265356265356266,0.0824757952508298,0.311912565249997,0.225748993175021,"resultado=Sem mérito"
"479",694,108,1,0,0.262899262899263,0.0829987465900595,0.309341387847724,0.223429599620853,"resultado=Sem mérito"
"480",706,107,1,0,0.260442260442261,0.0835281976768833,0.306768516970719,0.221111904487737,"resultado=Sem mérito"
"481",707,106,1,0,0.257985257985258,0.0840643031661303,0.30419393749524,0.218795923040911,"resultado=Sem mérito"
"482",713,105,1,0,0.255528255528256,0.0846072228499562,0.301617633910847,0.216481670937759,"resultado=Sem mérito"
"483",720,104,1,0,0.253071253071253,0.0851571218811158,0.299039590308304,0.214169164240177,"resultado=Sem mérito"
"484",724,103,1,0,0.250614250614251,0.0857141710082119,0.296459790366954,0.211858419427472,"resultado=Sem mérito"
"485",755,102,1,0,0.248157248157248,0.0862785468236887,0.293878217341555,0.209549453409831,"resultado=Sem mérito"
"486",760,101,1,0,0.245700245700246,0.0868504320253938,0.29129485404853,0.207242283542378,"resultado=Sem mérito"
"487",774,100,1,0,0.243243243243243,0.0874300156925963,0.288709682851612,0.204936927639874,"resultado=Sem mérito"
"488",782,99,1,0,0.240786240786241,0.0880174935774168,0.286122685646841,0.20263340399206,"resultado=Sem mérito"
"489",783,98,1,0,0.238329238329239,0.0886130684126952,0.283533843846892,0.20033173137972,"resultado=Sem mérito"
"490",784,97,1,0,0.235872235872236,0.0892169502374084,0.280943138364679,0.198031929091465,"resultado=Sem mérito"
"491",790,96,1,0,0.233415233415234,0.0898293567408296,0.278350549596214,0.195734016941309,"resultado=Sem mérito"
"492",796,95,1,0,0.230958230958231,0.0904505136267228,0.275756057402658,0.193438015287063,"resultado=Sem mérito"
"493",801,94,1,0,0.228501228501229,0.0910806549989654,0.273159641091542,0.191143945049602,"resultado=Sem mérito"
"494",806,93,2,0,0.223587223587224,0.0923688720944915,0.267960950459588,0.186561685445964,"resultado=Sem mérito"
"495",807,91,1,0,0.221130221130221,0.093027461827724,0.265358631803791,0.184273540923503,"resultado=Sem mérito"
"496",809,90,1,0,0.218673218673219,0.0936960650143714,0.262754300316227,0.181987417550754,"resultado=Sem mérito"
"497",813,89,1,0,0.216216216216216,0.0943749644060007,0.260147932221408,0.179703339387183,"resultado=Sem mérito"
"498",819,88,1,0,0.213759213759214,0.0950644540117954,0.257539503056851,0.177421331192329,"resultado=Sem mérito"
"499",833,87,1,0,0.211302211302212,0.0957648396842063,0.254928987646824,0.175141418452813,"resultado=Sem mérito"
"500",840,86,1,0,0.208845208845209,0.0964764397423044,0.252316360074764,0.172863627410744,"resultado=Sem mérito"
"501",859,85,1,0,0.206388206388207,0.0971995856357394,0.249701593654258,0.170587985093601,"resultado=Sem mérito"
"502",860,84,1,0,0.203931203931204,0.097934622652471,0.247084660898522,0.168314519345702,"resultado=Sem mérito"
"503",861,83,1,0,0.201474201474202,0.0986819106737251,0.244465533488254,0.166043258861346,"resultado=Sem mérito"
"504",862,82,1,0,0.199017199017199,0.0994418249799511,0.241844182237778,0.163774233219758,"resultado=Sem mérito"
"505",876,81,1,0,0.196560196560197,0.100214757111902,0.239220577059348,0.161507472921939,"resultado=Sem mérito"
"506",877,80,1,0,0.194103194103194,0.101001115791356,0.236594686925503,0.159243009429563,"resultado=Sem mérito"
"507",903,79,1,0,0.191646191646192,0.10180132790642,0.233966479829338,0.156980875206053,"resultado=Sem mérito"
"508",913,78,1,0,0.189189189189189,0.102615839566855,0.23133592274254,0.154721103759996,"resultado=Sem mérito"
"509",921,77,1,0,0.186732186732187,0.103445117235371,0.228702981571041,0.15246372969105,"resultado=Sem mérito"
"510",923,76,1,0,0.184275184275184,0.10428964894145,0.22606762110813,0.15020878873853,"resultado=Sem mérito"
"511",935,75,2,0,0.17936117936118,0.106026542337208,0.220789495617285,0.145706355150144,"resultado=Sem mérito"
"512",936,73,1,0,0.176904176904177,0.106920000149114,0.218146654151181,0.143458940169929,"resultado=Sem mérito"
"513",939,72,1,0,0.174447174447175,0.1078309073747,0.21550124040255,0.141214113736688,"resultado=Sem mérito"
"514",953,71,1,0,0.171990171990172,0.108759881522149,0.21285321279513,0.138971918125005,"resultado=Sem mérito"
"515",957,70,1,0,0.16953316953317,0.109707571143408,0.210202528293742,0.136732397108937,"resultado=Sem mérito"
"516",958,69,1,0,0.167076167076167,0.11067465787586,0.20754914233348,0.134495596035814,"resultado=Sem mérito"
"517",972,68,1,0,0.164619164619165,0.111661858650687,0.204893008744366,0.132261561904839,"resultado=Sem mérito"
"518",1005,67,1,0,0.162162162162162,0.112669928084262,0.202234079671103,0.130030343450886,"resultado=Sem mérito"
"519",1038,66,1,0,0.15970515970516,0.113699661070792,0.199572305487557,0.127801991233903,"resultado=Sem mérito"
"520",1047,65,1,0,0.157248157248157,0.114751895596533,0.196907634705499,0.12557655773441,"resultado=Sem mérito"
"521",1061,64,1,0,0.154791154791155,0.115827515798334,0.194240013877171,0.123354097455588,"resultado=Sem mérito"
"522",1065,63,1,0,0.152334152334153,0.116927455291997,0.191569387491126,0.121134667032538,"resultado=Sem mérito"
"523",1069,62,1,0,0.14987714987715,0.118052700799043,0.188895697860784,0.118918325349331,"resultado=Sem mérito"
"524",1081,61,1,0,0.147420147420148,0.119204296104059,0.186218885005067,0.116705133664541,"resultado=Sem mérito"
"525",1084,60,1,0,0.144963144963145,0.120383346378851,0.183538886520407,0.114495155746024,"resultado=Sem mérito"
"526",1090,59,2,0,0.14004914004914,0.122828568306076,0.17816907010304,0.110085109705969,"resultado=Sem mérito"
"527",1096,57,1,0,0.137592137592138,0.124097302146906,0.175479113962163,0.107885183026715,"resultado=Sem mérito"
"528",1097,56,1,0,0.135135135135135,0.125398627284415,0.172785695446105,0.105688753347568,"resultado=Sem mérito"
"529",1101,55,1,0,0.132678132678133,0.126734036712779,0.17008873775833,0.103495899393222,"resultado=Sem mérito"
"530",1121,54,1,0,0.13022113022113,0.128105121175148,0.167388160681174,0.101306703455376,"resultado=Sem mérito"
"531",1122,53,1,0,0.127764127764128,0.129513577565315,0.16468388036041,0.099121251622224,"resultado=Sem mérito"
"532",1124,52,1,0,0.125307125307125,0.130961218229873,0.161975809071987,0.0969396340274321,"resultado=Sem mérito"
"533",1126,51,1,0,0.122850122850123,0.132449981287268,0.159263854969107,0.0947619451206794,"resultado=Sem mérito"
"534",1134,50,1,0,0.120393120393121,0.13398194209782,0.156547921807568,0.0925882839620789,"resultado=Sem mérito"
"535",1144,49,1,0,0.117936117936118,0.135559326039675,0.153827908647073,0.090418754543125,"resultado=Sem mérito"
"536",1162,48,1,0,0.115479115479116,0.137184522770167,0.151103709525867,0.0882534661371506,"resultado=Sem mérito"
"537",1185,47,1,0,0.113022113022113,0.138860102181225,0.148375213105758,0.0860925336826866,"resultado=Sem mérito"
"538",1212,46,1,0,0.110565110565111,0.14058883229197,0.145642302284166,0.0839360782035934,"resultado=Sem mérito"
"539",1219,45,1,0,0.108108108108108,0.142373699362875,0.142904853769378,0.0817842272703742,"resultado=Sem mérito"
"540",1251,44,1,0,0.105651105651106,0.14421793056512,0.140162737614694,0.0796371155077305,"resultado=Sem mérito"
"541",1265,43,1,0,0.103194103194103,0.146125019598019,0.137415816706487,0.0774948851541667,"resultado=Sem mérito"
"542",1268,42,1,0,0.100737100737101,0.148098755718732,0.134663946200528,0.0753576866803344,"resultado=Sem mérito"
"543",1339,41,1,0,0.0982800982800984,0.150143256735018,0.131906972900056,0.0732256794738536,"resultado=Sem mérito"
"544",1350,40,1,0,0.0958230958230959,0.152263006616917,0.129144734568112,0.0710990325995795,"resultado=Sem mérito"
"545",1354,39,1,0,0.0933660933660934,0.154462898511849,0.126377059165489,0.0689779256457537,"resultado=Sem mérito"
"546",1357,38,1,0,0.090909090909091,0.156748284105519,0.123603764004289,0.0668625496682334,"resultado=Sem mérito"
"547",1371,37,1,0,0.0884520884520885,0.159125030465905,0.120824654805464,0.064753108247095,"resultado=Sem mérito"
"548",1374,36,1,0,0.0859950859950861,0.16159958574955,0.118039524646786,0.0626498186724407,"resultado=Sem mérito"
"549",1404,35,1,0,0.0835380835380836,0.164179055451297,0.115248152785417,0.0605529132793083,"resultado=Sem mérito"
"550",1405,34,1,0,0.0810810810810811,0.166871291257747,0.112450303336485,0.0584626409553119,"resultado=Sem mérito"
"551",1435,33,1,0,0.0786240786240787,0.16968499504375,0.109645723785796,0.0563792688492071,"resultado=Sem mérito"
"552",1491,32,1,0,0.0761670761670762,0.172629841160579,0.106834143310807,0.0543030843141918,"resultado=Sem mérito"
"553",1499,31,1,0,0.0737100737100738,0.175716620945006,0.104015270879195,0.052234397126694,"resultado=Sem mérito"
"554",1521,30,2,0,0.0687960687960689,0.18236579519549,0.0983543717030103,0.0481208816633473,"resultado=Sem mérito"
"555",1551,28,1,0,0.0663390663390664,0.185957077251807,0.0955116408358853,0.0460768099492808,"resultado=Sem mérito"
"556",1566,27,1,0,0.0638820638820639,0.189748612655102,0.0926602037125819,0.0440417560325087,"resultado=Sem mérito"
"557",1567,26,1,0,0.0614250614250615,0.193760154683561,0.0897996289398281,0.0420161888820361,"resultado=Sem mérito"
"558",1594,25,1,0,0.058968058968059,0.198014303043149,0.0869294461868064,0.0400006227002541,"resultado=Sem mérito"
"559",1604,24,1,0,0.0565110565110565,0.2025370544186,0.0840491411654639,0.0379956233188501,"resultado=Sem mérito"
"560",1625,23,1,0,0.0540540540540541,0.207358489089651,0.0811581497714944,0.0360018158115386,"resultado=Sem mérito"
"561",1646,22,1,0,0.0515970515970516,0.212513635237942,0.078255851216392,0.0340198936198033,"resultado=Sem mérito"
"562",1652,21,1,0,0.0491400491400492,0.218043567992724,0.0753415599426015,0.0320506295771697,"resultado=Sem mérito"
"563",1715,20,1,0,0.0466830466830467,0.223996822500601,0.0724145160670717,0.0300948893394938,"resultado=Sem mérito"
"564",1723,19,1,0,0.0442260442260442,0.230431232905943,0.0694738740428022,0.0281536478976109,"resultado=Sem mérito"
"565",1784,18,1,0,0.0417690417690418,0.237416357807886,0.0665186891641524,0.026228010085986,"resultado=Sem mérito"
"566",1808,17,1,0,0.0393120393120393,0.245036726926797,0.063547901474472,0.024319236340041,"resultado=Sem mérito"
"567",1849,16,1,0,0.0368550368550369,0.253396259265334,0.060560316577609,0.0224287754481179,"resultado=Sem mérito"
"568",1867,15,1,0,0.0343980343980344,0.262624387617694,0.0575545828417405,0.0205583067764023,"resultado=Sem mérito"
"569",1897,14,1,0,0.031941031941032,0.272884727432802,0.0545291645938446,0.0187097955572419,"resultado=Sem mérito"
"570",1907,13,1,0,0.0294840294840295,0.284387641919143,0.0514823113190411,0.0168855665633956,"resultado=Sem mérito"
"571",1912,12,1,0,0.027027027027027,0.297408958257966,0.0484120240281763,0.0150884042669754,"resultado=Sem mérito"
"572",1939,11,1,0,0.0245700245700246,0.312318743502527,0.0453160228612074,0.0133216921798403,"resultado=Sem mérito"
"573",1958,10,1,0,0.0221130221130221,0.32962722680948,0.0421917271931155,0.0115896119808718,"resultado=Sem mérito"
"574",1966,9,1,0,0.0196560196560197,0.350061419672316,0.0390362776591707,0.00989743725288482,"resultado=Sem mérito"
"575",1974,8,1,0,0.0171990171990172,0.374700067253984,0.0358466773025169,0.00825198358318472,"resultado=Sem mérito"
"576",1982,7,1,0,0.0147420147420147,0.40522791637505,0.0326202638055319,0.00666233111876076,"resultado=Sem mérito"
"577",2218,6,1,0,0.0122850122850123,0.444458094248488,0.0293561440988349,0.00514105416347554,"resultado=Sem mérito"
"578",2241,5,1,0,0.00982800982800983,0.497536930833277,0.0260597224201192,0.00370647759106162,"resultado=Sem mérito"
"579",2286,4,1,0,0.00737100737100737,0.575218507070427,0.0227590288526224,0.00238726133769915,"resultado=Sem mérito"
"580",2329,3,1,0,0.00491400491400492,0.705367278474836,0.0195814704873859,0.00123317829018101,"resultado=Sem mérito"
"581",2336,2,1,0,0.00245700245700246,0.998770743235402,0.0174004623741291,0.000346936819488871,"resultado=Sem mérito"
"582",2380,1,1,0,0,Inf,NA,NA,"resultado=Sem mérito"
