"";"Coord. facteur 1";"Coord. facteur 2";"Coord. facteur 3";"Coord. facteur 4";"Coord. facteur 5";"Coord. facteur 6";"Corr. facteur 1";"Corr. facteur 2";"Corr. facteur 3";"Corr. facteur 4";"Corr. facteur 5";"Corr. facteur 6";"COR -facteur 1";"COR -facteur 2";"COR -facteur 3";"COR -facteur 4";"COR -facteur 5";"COR -facteur 6";"CTR -facteur 1";"CTR -facteur 2";"CTR -facteur 3";"CTR -facteur 4";"CTR -facteur 5";"CTR -facteur 6";"mass";"chi.distance";"inertie"
"classe 1";-0,0856727690471223;-0,491157046667234;-0,954933554553305;-0,688641540266358;-0,549429328308291;-0,558780586992997;-0,0571303061252795;-0,32752475195769;-0,636790976966375;-0,459215949753669;-0,366383228528478;-0,372619052084269;0,00588085308594233;0,139898501659131;0,370098426348415;0,12356160454753;0,0553799661864148;0,0395878628688751;3,37130599870383e-05;0,00110803460435288;0,0041885034066965;0,00217820624378353;0,00138655225521343;0,0014341520047848;0,00459317048257754;0,101176162308446;4,70185216234532e-05
"classe 2";0,264346395352303;0,25749143550524;-0,207566194092093;-0,0460037395577254;0,0168671749688163;1,91272631162832;0,134895413971927;0,1313973422653;-0,105920595744512;-0,0234756123064418;0,00860728419210339;0,976060245793137;0,0530181139212994;0,0364099974053758;0,0165579642932958;0,000522163059939088;4,94238390363576e-05;0,439246054190251;0,000801843664121791;0,000760796477865581;0,000494374613089118;2,42845012638554e-05;3,26458226197265e-06;0,0419805941359306;0,0114747416546217;0,103972100754254;0,000124044226247403
"classe 3";0,244178099405554;-1,22354037060293;-0,350713265365821;-0,128564146268399;0,696607035603256;-0,110896289898711;0,164858736701311;-0,826082766192848;-0,236786779868291;-0,0868010799923881;0,470319640239551;-0,074872489801794;0,0256238998298324;0,465678298324602;0,026776413397587;0,00231001039528642;0,0477509273944506;0,000836354811215285;0,000469053178251449;0,0117772873629009;0,000967638302366962;0,000130031450000903;0,00381754687050844;9,67481565385808e-05;0,00786699121142825;0,138146427464428;0,000150137085733528
"classe 4";0,581352469185056;-0,638252522174459;0,132561213070344;0,579698667121782;-0,862913394482618;-0,482394672166717;0,403455953080596;-0,442944329454668;0,0919968752102968;0,402308222017236;-0,598857946685997;-0,334779694825845;0,11441913200384;0,0998210808355803;0,00301348305740274;0,0369970071615217;0,0577202647766664;0,012466637381551;0,000188650656251767;0,000227386332425658;9,80871727913127e-06;0,000187578855259483;0,00041563651831577;0,000129892561927721;0,000558186434269046;0,155648794071332;1,35229299380892e-05
"classe 5";0,177098567466376;-0,0981558806247435;0,0987601616918158;0,205269970776405;1,10189559949084;1,11627015784541;0,110835623167212;-0,0614300180527177;0,0618082021882265;0,128466454890088;0,689611932959107;0,698608127314458;0,0193255736585977;0,00429687310157983;0,00304426245229323;0,00844297537866569;0,171300047400791;0,12149702478;9,35926326549302e-05;2,87504214077135e-05;2,91055058571411e-05;0,000125736801387678;0,00362320130870851;0,00371834939857457;0,00298408759434742;0,115373060768801;3,97210203264444e-05
"classe 6";-0,0155882580078683;0,164610001223716;0,353476304526421;0,754944050301902;1,27269063371198;-0,868713708040573;-0,00885835126383988;0,0935430509069557;0,200870249091242;0,429012631093522;0,723232876818502;-0,493664601243572;0,000143307651869373;0,0115665603495092;0,0373259637445934;0,109306534847717;0,21872286859947;0,0704291220441268;9,13652536953324e-07;0,00010188220367273;0,000469792961266152;0,00214296672380754;0,00609020048660506;0,00283752203611494;0,00375998310708504;0,117928414212204;5,22905019719139e-05
"classe 7";-0,286980313069899;-0,114166073113371;-0,307939258008703;-0,565915084458648;1,60228545128887;-1,78971569303025;-0,114509598494054;-0,0455540348883471;-0,122872542781514;-0,225808901000483;0,639336760550762;-0,714124335690878;0,0348139196571386;0,00398786475934165;0,0203046280996474;0,0440244193875733;0,248486488707135;0,214260207494116;0,000253312072817206;4,0089053715197e-05;0,000291663307613965;0,000985040799687545;0,00789644213614695;0,00985189492029096;0,00307575457475524;0,139293614171389;5,96779769638185e-05
"classe 8";0,39171779756017;-0,468817378078069;-0,277978069215311;0,401132979091826;-1,51223053589812;-1,04262425485356;0,196219327317309;-0,234840058670076;-0,13924480860999;0,200935581207785;-0,757506705977644;-0,522271469936597;0,0784298688392822;0,0813129779509944;0,02000654786781;0,0267457020660587;0,267636397424489;0,0879255805296178;0,000536001397042076;0,000767762183655418;0,000269923304304273;0,000562077306687906;0,00798831754647036;0,00379730045448864;0,00349316671768371;0,126674186198031;5,60525738353362e-05
"classe 9";-0,932377595804393;1,50023208376252;1,02540536352382;-0,929412661012682;0,295367112156976;0,0498797859772027;-0,411854797290678;0,662690506000332;0,452947518296522;-0,410545110503785;0,130471133853012;0,0220331647124359;0,213877067792625;0,40078830783009;0,131035189483782;0,0691098762969456;0,00491449756816817;9,68622251658058e-05;0,00507872976533716;0,0131488673612873;0,00614274682301964;0,00504648068412125;0,000509677803231856;1,4535186521599e-05;0,00584213309063409;0,182585078190382;0,000194761006447667
"classe 10";0,209283407239862;-0,492726479386886;-0,590390702638201;0,008498055292115;-1,08488837607757;-0,0599964958341261;0,155310717408635;-0,365655853987991;-0,438133174471092;0,0063064677768933;-0,805103444267716;-0,0445238298291022;0,0193506339360894;0,0776345409936811;0,0780047107673023;1,03754535804306e-05;0,119061130735168;0,000251652987326479;0,000190854561465583;0,00105790033318935;0,00151883980024694;3,14682110790612e-07;0,00512864999601473;1,568500714829e-05;0,00435745539010029;0,136251961090964;8,08944028318838e-05
"classe 11";-0,116090508022071;0,212554648604417;-0,390705401817253;0,174915482247443;0,828008568689984;-0,225266703445435;-0,11737421310722;0,214905034419197;-0,39502574221074;0,176849661861763;0,837164518028861;-0,227757656561712;0,0204292240704446;0,0495698090563075;0,117212381138487;0,0150819444177967;0,237959144339512;0,012172426806207;0,000200928408299639;0,000673579925395532;0,00227586633623714;0,000456146581016625;0,0102215694253255;0,000756557476997526;0,0149089795991861;0,0735573947508373;8,06678716361212e-05
"classe 12";-1,0494111269426;2,15592727683617;-0,0478482922410292;0,426819595942018;0,987917523695449;0,604141906815303;-0,389078786128703;0,799329782501015;-0,0177401925570485;0,158247274134484;0,366279469548375;0,223991144860459;0,178271067832697;0,544597111465073;0,00018773213922579;0,00959004447036186;0,0361747220094876;0,00934958160315536;0,00142230661922992;0,00600302450577895;2,95688739289636e-06;0,000235283028909155;0,00126050124737443;0,000471389414390521;0,0012915222775316;0,225092380961714;6,54370167537341e-05
"classe 13";-0,838795890939516;0,987164660777523;-0,485663674002518;0,162038465075149;0,425558108663427;0,630427674868084;-0,528524202891571;0,622011172319619;-0,306016051042006;0,102100226666218;0,268143612283862;0,397231660216212;0,218155229361235;0,218700522892987;0,0370459289807458;0,00264747376071012;0,0128571605568098;0,019500614408633;0,00322589773760377;0,00446804158903711;0,00108145698296466;0,000120385518782913;0,000830339594212525;0,00182225246743622;0,00458498593075542;0,162640628397304;0,000121281928655788
"classe 14";-1,08976284571503;0,26619732717582;-2,03971690387038;-0,973917519222648;1,25295363655533;0,0714987496875951;-0,386683698450799;0,0944555665434943;-0,723758640957982;-0,345577966618915;0,444589158160095;0,0253701078840387;0,212600688970747;0,00918175366810741;0,377273822563881;0,0552188571409297;0,0643494683846059;0,000144817912906138;0,00130828980403452;7,80633786124654e-05;0,00458331549198153;0,00104492307331466;0,00172945778119323;5,63166557632594e-06;0,00110164067525826;0,214045068565735;5,04719885300541e-05
"classe 15";-0,24367583709376;0,258640244209371;0,510219458609189;0,14226952059252;-0,3950727094521;0,941351542365575;-0,202427227416893;0,214858511037292;0,423851259165536;0,118186624258494;-0,328196156649281;0,782002782952823;0,0528772116439192;0,0431174827370705;0,117428592685965;0,00586151299745488;0,031825260109135;0,124873994822704;0,00150265514063271;0,00169288162649241;0,00658792161701502;0,000512221878173942;0,00394992136504265;0,0224252898539633;0,025306634234016;0,0959696160100701;0,000233078332491656
"classe 16";-0,111116191413314;0,184361668394429;-0,000220259757703518;0,327098069131261;-0,372345055885658;0,207521113839197;-0,191969487336879;0,318511771471763;-0,000380530975994405;0,56510979940307;-0,643280592878801;0,358523103866169;0,0122806885448826;0,0244695996917291;2,44430021362179e-08;0,0346071924171065;0,0315742827431846;0,00677824587348477;9,70918087436194e-05;0,000267281657945226;3,81503223221857e-10;0,000841363869408003;0,00109023238962156;0,000338651089213661;0,0078637173906994;0,0908074649777324;6,48441797557677e-05
"classe 17";-0,237737973319517;-0,242059214015266;1,15370639300257;0,0843677986579181;1,20968960044888;-0,269656303539908;-0,137502784586042;-0,140002101881615;0,667280196838243;0,0487966103305968;0,699659739771336;-0,155963694399309;0,0341772413437515;0,0256448824752418;0,407705621957672;0,0013997024155329;0,202610559166568;0,0069580214447251;0,000204092722413567;0,00021157952810469;0,00480641210758518;2,57030015101234e-05;0,00528418849077158;0,000262573903421647;0,00361102426392233;0,116462368127921;4,89780669022606e-05
"classe 18";-0,945873402482792;0,867459815108096;-0,848041957567399;0,0831120693385842;0,608146696108459;-1,31742123812951;-0,44694868211566;0,409896313960378;-0,400720893851785;0,0392725176131183;0,287364422813034;-0,622514265257476;0,273177424868007;0,166301088966292;0,111231980063401;0,000685881920061516;0,0258565020106645;0,0838596058345909;0,00267272203573045;0,00224794922755829;0,00214843612902686;2,0635545716907e-05;0,00110485292733171;0,00518486064422456;0,00298736141507627;0,163895176891633;8,0245394045607e-05
"classe 19";-1,7042022944527;1,63345918687358;0,238290035157265;0,820250572416698;-0,965846736553287;0,0304093236750891;-0,633542425435812;0,607243458403298;0,0885850508018479;0,304930663927357;-0,359056484119887;0,0113047592646069;0,478480428126837;0,318167667976894;0,00473859790425967;0,0360460229474987;0,0351894604538172;2,41079412916095e-05;0,0190638917155568;0,0175140202189181;0,000372718572269683;0,00441633851996324;0,00612330235735986;6,0699175736554e-06;0,00656401056134567;0,223123143511315;0,000326782289371684
"classe 20";1,14296191632407;0,140565494355493;-0,25892736909378;-0,371199812208941;1,22899782451596;0,196951050513068;0,65124410716408;0,0800923010313715;-0,147533282515787;-0,211504588935879;0,700266193914516;0,112220021694969;0,618747091499809;0,00677368009260456;0,0160850263467269;0,0212230369585332;0,163804627670224;0,00290730750964618;0,00961637312050085;0,000145447156344105;0,000493518802287129;0,00101429265784487;0,011118597642578;0,000285538313021475;0,00736118590882082;0,131592378839802;0,0001274703745361
"classe 21";-0,0379517813433216;-0,112433448647488;0,254865556059284;0,201335483895653;0,583308702918401;-1,50853470155665;-0,0229463599986498;-0,067979375334617;0,154096503341641;0,121731216044356;0,352679400379883;-0,912088421337458;0,000243012200633657;0,00154373373283004;0,0055513965290463;0,00222406142453863;0,0131442238915789;0,0607573850350252;5,12800559334002e-06;4,50064982315133e-05;0,000231263158504097;0,000144319430190202;0,00121138187696041;0,00810204721359602;0,00356028004262515;0,220482279004713;0,000173073883418211
"classe 22";-1,34294988493334;0,228058784164447;0,0853948130661876;0,270461850645165;5,59767276620576;-5,30769595286546;-0,171328158360149;0,0290948247042657;0,0108943276441513;0,0345044378033613;0,714128633463038;-0,677134555013711;0,0790219339668864;0,00164945029732308;0,000161847961842616;0,00104227532506781;0,314352806873393;0,195328147451277;0,000106278890508587;3,06493316534984e-06;4,29724765880778e-07;4,31061692787719e-06;0,00184647066461962;0,0016601199655763;5,89287731193128e-05;0,432654816104944;1,10308882307076e-05
"classe 23";-1,3198803226999;1,24793711797009;0,784276814329593;1,29995510674427;-1,77964191738641;-0,0364196695566363;-0,445619356693381;0,421329817665647;0,264788347443642;0,438892184719211;-0,600844540774793;-0,0122960464215541;0,225517353328071;0,145919671971124;0,0403334914709548;0,0711393594296501;0,0938750969148318;2,71711221964171e-05;0,00617379077900907;0,00551909924772875;0,00217982461002513;0,00598879583999994;0,0112240101875853;4,70061628984538e-06;0,00354391093898089;0,251709805763049;0,000224534493755831
"classe 24";-1,82119583137034;1,39153514360149;-0,919939287193585;-0,701082202434219;-0,430124740986112;-1,16587376464742;-0,638517183750975;0,487876748715361;-0,322533707118551;-0,245801701148963;-0,150803133603386;-0,408759135063293;0,508713546428204;0,214964105575709;0,065749817064647;0,0245154729481597;0,00649715374119303;0,0329904152994213;0,0106087142832152;0,00619352387382306;0,00270687244180679;0,00157212597241448;0,000591750053850349;0,00434762940181074;0,00319852285208714;0,231246708350203;0,000171041137849065
"classe 25";0,549576218022602;-0,893845755123891;-1,85807055569945;-1,13981486949868;3,0772824505587;0,502521016787359;0,139256921127032;-0,226491255878726;-0,470815832887545;-0,28881728170899;0,779751498427155;0,127333620532603;0,0518777400872486;0,0993271406132967;0,300376393061265;0,0725665050817501;0,372421028280918;0,00686370109859897;0,000762368835091941;0,00201666813566635;0,00871432343206754;0,00327927553365421;0,0239025366325097;0,000637408325828069;0,0025241157819439;0,21852089463694;0,000120530015383513
"classe 26";-1,23189547235162;1,20920431701062;0,428384022498939;0,542846808587159;0,362358248814984;-0,253351867235919;-0,644501004382327;0,632629483838503;0,224121233463794;0,284005681660874;0,189577980071364;-0,13254820442191;0,303113831871212;0,211385404475098;0,0185669588318175;0,0191405758076407;0,0060049393994395;0,00202876139290056;0,00695305260372914;0,00669926527228478;0,000840803142180246;0,00135015110090987;0,000601594838257621;0,000294087127829216;0,00458171211002657;0,202640638354816;0,000188139890437759
"classe 27";0,587166420608081;-0,52494891679289;-0,623929338474963;-0,559339840848023;1,75227826873867;1,66151932028615;0,219532374078308;-0,196270219019049;-0,233277456143805;-0,209128449564235;0,655149536623099;0,621216180212837;0,0930471207780072;0,0538309677924249;0,0532191018842316;0,0274583483475478;0,189740899588605;0,117900602595351;0,00179011321561768;0,00143084359902197;0,00202129123281924;0,00162446211056671;0,0159427863878291;0,0143340484635831;0,00519227967595722;0,174327260158807;0,000157793346300761
"classe 28";-0,16131364882227;0,179804628713802;-1,18832344937502;-0,270721670666527;-0,116997731575148;-0,90178827903389;-0,104769772665789;0,116779269529492;-0,771790722938869;-0,175827948214627;-0,075987530063538;-0,585692244127146;0,0110261263646556;0,00991516746054131;0,303086281108102;0,010098785845848;0,00132803617952092;0,0545273792189;5,40967094604748e-05;6,72094520504325e-05;0,00293560726563105;0,000152361297496942;2,84566323123448e-05;0,0016905880391904;0,0020788761628202;0,1391282092792;4,02400961912217e-05
"classe 29";1,44195218198206;-0,0664700069175519;0,733467380404574;0,70152293673869;-0,875748615624457;1,11636886292399;0,63682564488841;-0,0293559006671232;0,323929491814844;0,30982150599373;-0,386766762361412;0,493034602636881;0,375041230369629;0,000576827992987814;0,0491535755226587;0,0288671182920026;0,0316745537139526;0,0355727502756265;0,00376768196681488;8,00615451176475e-06;0,000974841765958035;0,000891777005113572;0,00138973321800101;0,00225833283623132;0,00181205977341887;0,213239136114935;8,23960416108268e-05
"classe 30";0,227638740776556;0,199267717774672;-2,25023101775372;-1,09587084721626;0,905617821507084;-0,777172524721269;0,0816117065153192;0,0714402937106692;-0,806739629581969;-0,392885190177252;0,324676791005561;-0,278627336379353;0,0124640342892545;0,00691286000956258;0,616931163018489;0,0939349952061018;0,0451679619096488;0,0229893069705548;0,000689022971031392;0,000527977293513921;0,0673279769931898;0,0159683520709741;0,0109051406786983;0,00803112210669446;0,0132966228902272;0,184659825264508;0,000453404882273332
"classe 31";-0,460917628909706;-0,167895566801638;-0,234921540613796;0,1823952995886;-0,313099603154573;-0,0317983869887067;-0,70442399542029;-0,25659609995723;-0,359032416791935;0,278756154295961;-0,47851255752654;-0,048597722034393;0,304812148785854;0,0292739734659476;0,0401095254407214;0,0155222724733019;0,0322051225857827;0,000229572852946817;0,00252851585578752;0,000335503844525925;0,000656847760799494;0,000395955452243405;0,00116676683919836;1,20345324985186e-05;0,0119019752597368;0,0756071288248199;6,80369028063607e-05
"classe 32";-6,70185847181926;8,02761239864764;2,47074848872802;2,66372985002882;4,98537478972156;-0,4071050309489;-0,551677906007458;0,660810194209197;0,203384980190809;0,219270656342963;0,410381856946223;-0,0335117269252068;0,387079194056386;0,401975603834956;0,0266491038388584;0,0198852961142454;0,0490432495014992;0,000226020056110945;0,018306897509928;0,0262661872345667;0,00248817729301416;0,00289204203220736;0,0101302432067464;6,75518402142263e-05;0,000407590680741913;0,975553073387821;0,000387905599297617
"classe 33";-1,40775359213214;1,22384609205448;-0,317511269809791;0,15812672918649;-0,321555367403561;1,64775453082082;-0,555428221767721;0,482867642765275;-0,125273855429886;0,0623887933917305;-0,126869451383408;0,650120428801297;0,354460438386689;0,193903512062869;0,00913374705366936;0,00145434499721516;0,00423448205019109;0,076846523845074;0,00376950492415214;0,00284894875435544;0,000191756156505221;4,75599732946241e-05;0,000196672008511308;0,0051643546118193;0,00190208984346226;0,214140258358361;8,7222327441412e-05
"classe 34";0,800694166420912;-1,22557895539647;-1,62859172391625;-1,35051215280895;3,16749053860204;0,153670233173582;0,196074557660638;-0,300120647352418;-0,398810701099563;-0,330714377701771;0,775657338714974;0,0376308761306472;0,0830135832499952;0,140771910338401;0,17396283930018;0,0767989369896369;0,297454656622911;0,000483860364457925;0,00103055153644327;0,00241445422616587;0,00426344665415644;0,00293179351282068;0,0161274995678803;3,79590982481424e-05;0,0016074459778657;0,2516793869686;0,000101819669075723
"classe 35";-0,0313661896018159;0,947243466018852;-0,913388343540026;-0,454204374589416;2,3950827070301;6,29598909241696;-0,0045599865655609;0,137709346726363;-0,132787521485916;-0,066031796416445;0,348194827172511;0,915304856688016;6,70773502512304e-05;0,0442785296349856;0,0288124049660346;0,00457401285802002;0,0895504329263666;0,427666292503806;3,60741779731944e-07;0,000329000193477978;0,000305903077898459;7,56441839964845e-05;0,00210336162929428;0,0145345252518152;0,000366667921631279;0,346840159607926;4,41094529526993e-05
"classe 36";0,901419425460905;-0,174796546494939;0,657530040132787;0,445373235841821;0,702122189380605;1,3595410044508;0,461499893289928;-0,0894906247595181;0,336635793266876;0,228017829447258;0,359465645318171;0,696044494666303;0,209921426886834;0,00571328938881024;0,0565783594721686;0,0166645487522541;0,0291610144953939;0,07556353755375;0,00147373190109605;5,54153849842048e-05;0,000784144059691807;0,000359760012044827;0,00089410815435613;0,00335234942635075;0,00181369668378329;0,178178004689373;5,75801565564569e-05
"classe 37";-1,75575610238171;0,99986808064845;-0,32585313098005;0,342265142873813;1,19133592701697;-2,74345413100219;-0,482314846106342;0,274668684785102;-0,0895134594769271;0,0940219199516465;0,327265844909036;-0,753640357677912;0,424912442754586;0,0997410801223166;0,00741363296243469;0,00525096112653379;0,044793380725155;0,164169017334681;0,0027198317349061;0,000882061918293771;9,36822818212288e-05;0,000103356788686734;0,00125222434159332;0,00664062675111612;0,000882294686425266;0,243932701437676;5,24993243910087e-05
"classe 38";-0,532860314511076;0,285398995351019;0,561701056113763;0,966416795277;0,716773937675452;-0,246836785973414;-0,360110181187573;0,192874344603628;0,379600926512936;0,653110238786005;0,484400105501707;-0,166813773328576;0,150643241312291;0,0312784598737488;0,0847909668845155;0,161136608929646;0,0624110655550617;0,00511525607610416;0,00171598443588119;0,000492256512910957;0,00190676456189561;0,00564437069920345;0,00310492420054446;0,000368219137732186;0,00604347306545841;0,124335204853993;9,34275196866026e-05
"classe 39";0,667039642051265;1,73985091460986;1,02996579506121;0,907857200672274;1,43363440407148;-1,44715116580037;0,216340970337547;0,564285855563048;0,334048811301235;0,294445330291591;0,464970653216857;-0,469354544613861;0,0738699081221782;0,363752446998937;0,0892125765333974;0,0444981277399615;0,0781295614230759;0,0550195182127093;0,000974505515377665;0,00662987108083887;0,00232341407640893;0,00180516164381014;0,00450150608009242;0,00458678949914522;0,00219018606760112;0,222266202024707;0,000108200151552706
"classe 40";-1,33359682414873;0,618950528903777;-1,91430135613821;-0,912961812797347;1,36496464987753;-0,315319055321694;-0,45416735481309;0,210788687691896;-0,651931054040542;-0,310916645912236;0,464849925571744;-0,107384494837133;0,27964961771963;0,0436008126753805;0,291878393703657;0,0426199301304527;0,0670783267771023;0,00247394633384704;0,00526056215481067;0,00113316963353684;0,0108393606155724;0,00246540501881396;0,00551094224033352;0,000294092185413951;0,00295789702851662;0,228387852460552;0,000154286899889571
"classe 41";-0,181713404356833;-0,893136101044922;-0,14329647812404;0,367276204708396;-0,491616801675107;-0,718182372691578;-0,137613874046408;-0,676383337544761;-0,108520246823023;0,278142944676404;-0,372307661420311;-0,543888652175882;0,0213700301073248;0,373666423408973;0,00673160224002842;0,0283895933743771;0,0358145027988766;0,0528232846922583;0,000133396361385678;0,00322259213011905;8,29547172095185e-05;0,000544948721204812;0,00097639037148551;0,00208372084729431;0,00403989477940177;0,112574482991527;5,1197643989933e-05
"classe 42";-0,827196234047646;0,51979149250429;-1,02980748900827;-0,50111109343538;-0,723811176306074;-0,747982376190053;-0,451983843325459;0,284016472561012;-0,562691568951808;-0,273809416219974;-0,395493770212084;-0,408701025481962;0,32850966463118;0,0938873260744901;0,257904757811666;0,0392050012416058;0,0575911712663894;0,0425048512148402;0,00404230312818153;0,00159613681494652;0,0062650403467022;0,00148347357555583;0,00309501209148792;0,00330517539501614;0,0059076095052111;0,13070434840634;0,000100923395431062
"classe 43";0,0165565193098793;-0,685515615984768;0,874598673672092;0,887770813160545;1,1474867074881;-1,21296480430621;0,00754812267399787;-0,312526797906532;0,398729826954244;0,404735009739162;0,523139572563046;-0,55299105873551;0,000153549272975702;0,190529387783123;0,217041869731574;0,143566725208843;0,168880419535647;0,130415977100378;6,61843028801683e-07;0,00113462310653584;0,00184686243402637;0,00190291173555404;0,00317915897541896;0,00355233011623088;0,0024144427875274;0,121004276967388;3,5352355907676e-05
"classe 44";-0,796657890615156;0,0276987545488878;-1,61945041993938;-0,51868597161059;-1,10313105075021;-1,09754843215064;-0,32663641979839;0,0113567217814624;-0,663988260759635;-0,212665600582591;-0,452292987027661;-0,450004066558855;0,20345758549034;0,00017801976705032;0,425874546223554;0,0280466858866566;0,0893220472586331;0,061108590368597;0,00283200798860713;3,42350710616065e-06;0,011702699756856;0,00120049333836241;0,0054300642517476;0,00537524343485652;0,00446221765342352;0,159952297365409;0,000114164667029382
"classe 45";-0,18490936528658;0,57702432530374;-2,07355236017316;-1,31190734645518;0,204194540811185;-0,629391978448721;-0,0707758929730625;0,220861781810005;-0,793672725500984;-0,502145544653089;0,0781574851210901;-0,240906020285949;0,00688652518966041;0,0485387011649178;0,438660517036709;0,112727801388223;0,00192284760865378;0,0126255250498826;0,000163091850972698;0,00158819085030189;0,0205089987568753;0,0082095768764812;0,00019888530691009;0,00188954332006136;0,00476995680193548;0,201796858451929;0,000194242047716317
"classe 46";-1,9212061714508;2,09397425448361;-3,41309375298249;-1,42572831822828;-2,98701042824713;1,06613692906156;-0,340602181267896;0,371231473849238;-0,605092360420536;-0,252761094722726;-0,529553924221806;0,189010720954745;0,228104505291492;0,196130969449381;0,36466876105341;0,0408509210186267;0,126250667387855;0,0111156946132695;0,0110929108183621;0,0131777192528751;0,0350101532029686;0,00610901409193678;0,0268145833391453;0,00341604473180069;0,00300536742908495;0,364302880140377;0,000398862112312776
"classe 47";-1,10785896985888;0,951187544338859;1,39853001033803;-0,429710950284774;-0,439912606243808;-1,92087041780649;-0,387925368105625;0,333065659361082;0,489706076158999;-0,150466605500764;-0,154038794065252;-0,672607600952769;0,294829714389368;0,157308498897795;0,237991849457146;0,0144243921485089;0,0106441110713474;0,140256548606025;0,00961739121765227;0,00708958208523932;0,0153261088686979;0,0014469088327748;0,00151642571638553;0,0289124212302586;0,00783588991450417;0,184779767249827;0,000267545196137085
"classe 48";1,72259470574623;0,595447891954264;-2,81542874192748;-2,03688839306029;0,146599561304826;-0,915032136331757;0,427241404107326;0,147684183971226;-0,6982883001165;-0,505193156671175;0,0363599180959163;-0,226948111140485;0,28826014996009;0,0249300700451779;0,390053052051923;0,13106756852774;0,000478033157459111;0,0128711040745514;0,00556641693125733;0,000665115456312601;0,0148695763757799;0,0077829453866925;4,03157605911924e-05;0,00157066009532672;0,00187589927763146;0,290567052033726;0,000158380697290741
"classe 49";-0,464574273815457;-0,153342766397542;-0,176316028659789;0,188456324438083;2,1483246736241;-1,46311497457528;-0,174820684112408;-0,0577033401034948;-0,0663482471750713;0,0709166766661358;0,808420978746915;-0,550574526414613;0,0761347656838969;0,00600367082718649;0,00555485211328185;0,00407414535246518;0,372775037610963;0,119496264303581;0,000606604331535113;6,60878740611529e-05;8,73733091114873e-05;9,981978425679e-05;0,012971644156917;0,00601661336552858;0,00281057509571833;0,152482222095012;6,53481982863039e-05
"classe 50";0,121977508514589;0,367251387808082;0,333353669311738;-0,14909448716265;-0,318114837744864;0,333358585077696;0,173295865760075;0,521761331058655;0,473602170032566;-0,211821495188315;-0,451952059764594;0,473609153958766;0,0170657926990709;0,111972512455227;0,0645644770481773;0,00829148852892484;0,0265771917453874;0,0201704205642579;0,000216270548120793;0,00196049056043068;0,0016152819649;0,000323117913182148;0,00147097643985379;0,00161532960443346;0,0145357640360971;0,0845613852167203;0,000103939839424925
"classe 51";-0,15225378079378;0,155120515572524;-0,0732902804779447;0,458504613809576;-0,933018465606305;1,74436138078993;-0,0745039737829507;0,0759067838260553;-0,0358639181687694;0,224364975034013;-0,456563922013165;0,853587043322039;0,0143414497805651;0,0107748925084124;0,0016833168114344;0,0422947720873455;0,123313791381717;0,297889041383782;0,000150036780116721;0,000155739954175961;3,47659683885871e-05;0,00136065801409704;0,00563432691002052;0,0196940252155124;0,00647234358093785;0,115140237497404;8,58056341578187e-05
"classe 52";-0,810120614400712;0,79421691196338;-0,119328432199189;0,226737395442305;-0,499647789717737;-0,0634425166963888;-0,639179914638083;0,62663199648167;-0,0941493596770111;0,178894335593822;-0,394218868035028;-0,0500557345234583;0,341844981657438;0,237807575826413;0,00375693706520583;0,00870800225796839;0,0297736494675975;0,000331753385390039;0,00547891346861737;0,00526590883157027;0,000118872923585249;0,000429181883836652;0,00208412141328563;3,36012845103019e-05;0,00834824285856931;0,125484661152178;0,000131454772888233
"classe 53";-1,36298896183745;1,01275242209104;-1,6720011332041;-0,670016854301836;0,357261917762112;1,1232457756176;-0,497122370492663;0,369380749872957;-0,60982824518572;-0,244374955488663;0,130303983683939;0,409680942586743;0,362384178496285;0,144813388087285;0,276231940632937;0,0284772724274401;0,00570075384923536;0,0389456408813367;0,00608798605680023;0,00336120927054268;0,00916140550763118;0,0014711617566457;0,000418275495160294;0,00413464816580997;0,00327709454957956;0,205051659205421;0,000137789316952789
"classe 54";0,313888675088834;-1,08513074990936;0,0881043644594145;0,311565399531265;0,671922734151193;0,459128495127823;0,219596588622952;-0,759157719922585;0,0616378334535489;0,217971224513435;0,470077297933892;0,321206399820336;0,0339084890285899;0,293318103048715;0,00135321934718592;0,0108642054909013;0,0355770638300656;0,0114802238172076;0,000409485844467605;0,00489386224421829;3,22613431740485e-05;0,000403446584164054;0,0018764036554486;0,000876104869681219;0,00415611541527597;0,154375007318261;9,90470583636765e-05
"classe 55";-0,686370501944454;0,28190809326795;-0,223367551275097;0,567770347930604;-1,06879405739842;-1,07933389972777;-0,381899948595527;0,156855060091737;-0,124282812428865;0,315910235178361;-0,594682309952613;-0,600546730454924;0,255566057856008;0,0312046002665464;0,0137101538325412;0,0568687590863496;0,141888860673842;0,10000513581802;0,00205050322705924;0,000345906182348333;0,00021716178471951;0,00140310008509214;0,00497200202326893;0,00507054768209083;0,00435254465900702;0,122959641111893;6,58064419254483e-05
"classe 56";0,412053528168665;-1,53738427844715;-2,03278512271909;-1,18372045023403;2,98258810810367;-1,73048277481279;0,0922368305925537;-0,344138427541241;-0,455032281433485;-0,264971939743921;0,667642564006674;-0,38736289251819;0,0172606171482359;0,173912780769997;0,212788523665363;0,0463222590307849;0,207066526018557;0,0481735135657843;0,000292936024665558;0,00407784186836252;0,00712932571459497;0,00241748512610688;0,0153480099933736;0,00516654326788801;0,00172530352410432;0,28404100491952;0,000139196267630553
"classe 57";-0,414965791771811;-0,218230497718827;1,11168588713477;-0,411935171972499;-0,43985269714476;0,216678440087009;-0,303796248119859;-0,159766437973677;0,813864680645906;-0,301577532884134;-0,322015939066754;0,158630177359522;0,114530357919159;0,0229268554947871;0,416367111987265;0,0367025431514313;0,0294635336220512;0,00494142424298554;0,000475515386582475;0,000131513660961622;0,00341274756740609;0,000468595086366364;0,000534262263614548;0,000129649659889863;0,00276146778478557;0,111047184238099;3,40529768256111e-05
"classe 58";0,794837687196122;-0,653045657771861;-1,54259873320479;-0,888062298833118;0,657635437709655;-0,989853318349811;0,33472280052964;-0,275011206645493;-0,649620641282423;-0,373981637381603;0,276944059125114;-0,416847968042881;0,154941939323302;0,0757036397265941;0,295620287477529;0,0628986516924584;0,0242860446447734;0,0380258112624826;0,00499182209855444;0,00336968488245693;0,0188021770598202;0,0062314492699879;0,00341721743052983;0,00774183451793962;0,00790136632908119;0,182872970951049;0,000264241629177671
"classe 59";-2,17136205504964;2,04085450760823;-0,363254617637702;0,437980223194201;-1,13638427578986;0,0532970555123635;-0,670164195156025;0,629884645603493;-0,112114070474679;0,135177209663677;-0,350731031612902;0,0164494807434647;0,470189474867577;0,300642301532727;0,0066657176093279;0,00622099425093978;0,0294871727632818;4,48269884960963e-05;0,0198345572361442;0,0175219368930915;0,000555111608304112;0,000806987900100593;0,00543260905704872;1,19499050502942e-05;0,00420685963657316;0,286781647798533;0,00034598775874411
"classe 60";0,670858694187365;-1,26780823316615;0,437452128709336;0,839744098295209;1,16733072329303;2,58200812400401;0,202424758234347;-0,382548183857174;0,13199671131989;0,253384203780852;0,352230121618012;0,779094576531876;0,0923144804880348;0,238634067074013;0,0198831414484602;0,0470374781439348;0,0639985073332538;0,216395213282042;0,0005628340485557;0,00201013577367434;0,000239320182602294;0,000881885450772258;0,00170414321231134;0,00833745428952519;0,00125059951842097;0,199963947120603;5,00059472769362e-05
"classe 61";-0,572453524038398;-0,0196758497413986;-0,0976117800867179;0,497991353289146;-0,0985597007232092;-1,33971823139851;-0,370276034089751;-0,0127267896932402;-0,0631375322069403;0,322112198744233;-0,0637506689580878;-0,866560397812662;0,230772631831552;0,000197327863483464;0,00339879140096481;0,0567923480357869;0,00156630695574691;0,200011739764942;0,00211617886468939;2,49999362213372e-06;6,1528506250784e-05;0,00160145784131747;6,27293313437702e-05;0,0115904111206639;0,00645761138765802;0,107920424516393;7,52106247262918e-05
"classe 62";-0,357825101297383;-0,577155733652341;-1,37937949236498;-0,815065918960389;1,03350796171388;0,129135718585108;-0,176438099426682;-0,284586688719192;-0,680150987559573;-0,401896572172885;0,509607011486857;0,0636748530850541;0,0494435144619818;0,0931046428812937;0,372178658129893;0,0834248777907521;0,0944429769990324;0,00101902587185342;0,00051998793684956;0,00135281276224133;0,00772714732683943;0,00269797009042963;0,00433789780094735;6,77242851919449e-05;0,0040611746141393;0,145737628977814;8,625714155622e-05
"classe 63";0,0286910909473214;-0,710902387803227;0,898416749825244;-0,815414367363893;0,656120465227441;-0,399393987033669;0,0179030436485066;-0,443598206217981;0,56060587992986;-0,508812963485379;0,409414662872621;-0,249219104144326;0,000412715582150763;0,183397862753293;0,204988090943794;0,108406630131129;0,0494194830338014;0,0126556513583927;7,13485230184438e-06;0,00438037013062877;0,00699594752631891;0,00576298622657099;0,00373128164122198;0,00138259157886954;0,00866744037963225;0,127901957819883;0,000141789884157446
"classe 64";0,266737765549652;0,130871174113951;0,300227970512113;0,511958873696057;0,465125629518846;-0,291648279856534;0,309675793743155;0,151938120341989;0,348557073951077;0,594371292902529;0,539999081924982;-0,338596270281742;0,0335930437867056;0,00585309965456398;0,0215575225059835;0,040243233849422;0,0233881121676182;0,00635512201433844;0,000134516605774424;3,2381344733533e-05;0,000170415535573966;0,000495538078711386;0,000409022712420671;0,00016081469128768;0,00189063147091128;0,131799995073824;3,28426105776926e-05
"classe 65";-0,0710384451734972;0,323615230750989;-0,558649572855478;0,106056310673733;0,345459342184154;0,987101356451726;-0,0574909215166167;0,261899564204257;-0,452111228925207;0,0858306374582679;0,27957785224867;0,798854289027766;0,00589740298394799;0,0885827991133598;0,184743454898945;0,00427453940735653;0,0319331735793482;0,180186447874625;9,78798945623846e-05;0,00203125526706113;0,00605320720156474;0,000218162262518824;0,00231473075198886;0,018898620121609;0,019395750908076;0,0837758046959381;0,000136126856012623
"classe 66";-1,546093627014;0,865382502279673;1,0921170437866;0,335435354588691;0,359302163370213;-1,03181312184284;-0,651123002550236;0,364447820878104;0,459934971764927;0,141265490928328;0,151316776260336;-0,434538533906628;0,512795674646031;0,11628041557099;0,129606669789501;0,00784933432188548;0,00634113100244777;0,0361409515296133;0,011785593186069;0,00369229239190009;0,00588055391022773;0,000554750287440509;0,000636501644837554;0,00524906510326795;0,00493037401764917;0,195532600663504;0,000188502979572614
"classe 67";-1,48475787147864;1,29419500405578;0,869267149161482;0,93261969265313;0,444593900770015;0,426628344148214;-0,612068256874759;0,533511689282757;0,358341813817697;0,384457910999859;0,183276895909265;0,175870875616987;0,42287453118611;0,232550499739624;0,0734214572351593;0,0542565036078561;0,00868163544933382;0,00552489951639997;0,00886988623954859;0,00673916694611349;0,00304027810404963;0,00349958011478641;0,000795305119383909;0,000732328925396715;0,00402352567575752;0,206778525901511;0,000172035330854773
"classe 68";-0,207477027614834;0,151043975932062;-0,191256175176541;-0,0571906888168314;0,466085336111125;-0,577498286194197;-0,256076085540405;0,186424254028479;-0,236055688852258;-0,0705869362499316;0,575260354224332;-0,712770479869402;0,131285973463921;0,0503619681871254;0,0565100166213175;0,00324392894064213;0,151699259391191;0,160954976598352;0,000354502458092735;0,000187882371767639;0,000301238272562988;2,69357994886715e-05;0,00178899898748218;0,00274650639978499;0,00823529604342396;0,0518580779755337;2,21468543074043e-05
"classe 69";-0,833370488441214;0,316994097998192;4,05881996316908;-6,67431813883045;-0,71119608081625;0,04017630327165;-0,105563583339514;0,0401538491538829;0,514133372113413;-0,8454402319918;-0,0900876714369974;0,00508915854054699;0,0291796463927561;0,00305579155136715;0,350606186377393;0,608639287423409;0,00486582838954681;1,07316982797346e-05;0,00938692649680918;0,00135815562217175;0,222662334786093;0,602089413379578;0,00683637523935204;2,18166030838747e-05;0,0135159688790602;0,441828440466255;0,00263848432860581
"classe 70";-0,398344853677017;-0,400306789559461;-0,962751149116316;-0,174333347478909;1,17800800244746;-0,61401197499556;-0,228431894688629;-0,229556971934506;-0,552092156020701;-0,0999719125386458;0,675531759663768;-0,352106767578495;0,0497665659280383;0,036376653835979;0,147252796866886;0,00309972078235126;0,0996529183718542;0,018711028094859;0,000617148611725664;0,000623242767267928;0,003604951499486;0,000118204027321095;0,0053971913576055;0,00146630736940412;0,00388929902587464;0,161713373521429;0,000101709895708215
"classe 71";1,32549423695064;-0,672604353360137;0,740075404115929;0,356725120546341;-0,42357581545636;-0,857233512691149;0,680092909919257;-0,345104066957998;0,379722537536475;0,183030765815915;-0,217330940319935;-0,439834755877659;0,59151345377102;0,110241691870608;0,0934064980348183;0,0139321682343494;0,0138307438599662;0,0391500154173351;0,0250782409720159;0,00645744522964468;0,0078179578641897;0,00181638861136498;0,00256096530397036;0,0104891347698564;0,0142738583777891;0,156081379053128;0,00034773112905195
"classe 72";0,855464469774099;-0,558581207926708;-0,464365108436809;-0,267349913666207;0,0936119163592927;0,469507296184966;0,684888198895616;-0,447202298810708;-0,371772521226086;-0,214041386071942;0,0749460662082359;0,37588937684038;0,479936713002894;0,148105178494802;0,0716333709235849;0,0152434229513596;0,00131588088837457;0,0228764919314944;0,0126105339198536;0,00537653111110357;0,00371576878323258;0,00123165654167174;0,000151005161899769;0,00379851820985232;0,0172317554063057;0,111831861353741;0,000215506626386863
"classe 73";0,504522883215141;-1,34766058243281;-0,103942611477026;-0,0153777731234695;0,707128355751089;0,53081051179792;0,298144965164571;-0,796392454674369;-0,0614243026608517;-0,00908740868796314;0,417873531620145;0,313679491682231;0,106929091437781;0,55222081581699;0,00229899271652505;3,23045295817226e-05;0,0480955540650504;0,0187300046147958;0,000786246158565419;0,00560993527452003;3,33721392110628e-05;7,30438569322385e-07;0,00154451917430011;0,000870313716382634;0,00308884985767064;0,139729625107319;6,03078417275895e-05
"classe 74";1,0281467745357;-1,19163076009471;1,29849745136961;0,227476435820296;-0,476580076911068;1,64485325431672;0,384570135986022;-0,445720022476071;0,485692659665468;0,0850857543141468;-0,178260993007234;0,615244297172737;0,253155880693449;0,246138063082508;0,204539032481197;0,00402988821440784;0,0124544295243015;0,102531383703092;0,00900476578447845;0,0120961063650833;0,0143629745032131;0,000440793332133436;0,0019347905274671;0,0230471115173696;0,00851848153646954;0,185061752486713;0,000291739696914411
"classe 75";-0,618587025336819;0,00026905254901931;-0,770542246126052;0,431322567729813;-3,85434460364998;-2,01922228685408;-0,137990668474572;6,00186223979506e-05;-0,171887924052298;0,096216840980132;-0,859803983278539;-0,450435947973582;0,0711386335586885;9,74082430866146e-09;0,055913029446899;0,011247361492291;0,632381673239884;0,119949069687763;0,00501967789210346;9,49616951366047e-10;0,00778873890700674;0,00244049881187869;0,194883611093043;0,0534862929559457;0,0131181996605048;0,210040774177833;0,000578737278036149
"classe 76";-0,835580005768508;0,373671011909585;0,996009799043414;1,19085772706129;-0,559177634492975;-0,55401350506683;-0,424880283507632;0,190006276338203;0,506456500720993;0,605533839007671;-0,284333696635057;-0,281707811908875;0,301748366146065;0,0436782517616764;0,217176224811228;0,199310872540263;0,0309415967240828;0,0209910550538083;0,00442180622783688;0,000884305740927166;0,00628276550451943;0,00898138650545344;0,00198026455179346;0,0019438570828758;0,0063332061999617;0,137759367152141;0,000120189327816565
"classe 77";0,45027420760488;-1,16967654833215;-0,465800056883929;-0,445857729213842;2,94245896231516;0,391336550909871;0,137027667734812;-0,355956540958937;-0,141752501803427;-0,135683642864402;0,895450554798934;0,119091731138241;0,0331988342960439;0,162150331558993;0,017996331174618;0,0105853123337922;0,324611431974049;0,00396820623807513;0,000196140157932736;0,00132356094721695;0,000209899524082889;0,000192311377652469;0,00837593326683293;0,000148153939932131;0,000967414025375385;0,223805737808226;4,84568091232341e-05
"classe 78";-0,30371461945181;0,017418700739454;1,45949752215263;1,63366865647828;-0,389072510391154;-0,622350034646803;-0,130333427001344;0,00747490840375596;0,626315961034282;0,701058233442331;-0,166963163389443;-0,267069833372947;0,0225209965320212;5,36173452753702e-05;0,263438437372805;0,211897848138295;0,00846236183730398;0,0149640917081418;0,000171829828006957;5,65195475158813e-07;0,0039680202936602;0,00497158780580936;0,00028198645959742;0,000721500434077707;0,00186280399471605;0,183285225758689;6,25780575289667e-05
"classe 79";0,785978256866781;-1,30342805408826;-0,501883860947403;-0,248302916961094;0,860501590075542;-0,42244930756887;0,417203621152265;-0,691870162216515;-0,26640401608543;-0,131801198307699;0,456761209677645;-0,224239512138148;0,161995284444787;0,322457898871373;0,033458308262872;0,00525759750610049;0,0444589243505007;0,00740551438871727;0,00341893727576192;0,00940251852454658;0,00139404415533378;0,000341219397895036;0,00409801386697598;0,000987686856511019;0,00553439394212212;0,176854008927453;0,000173101123643401
"classe 80";1,19713542547392;-1,34714160443033;0,923688703970712;0,858508743732893;-0,162994851639771;-0,489363527391505;0,529882033517826;-0,596278514195187;0,408847686220367;0,379997408181228;-0,0721455915529584;-0,216604517338558;0,311964528334354;0,285931979502842;0,0940775771986451;0,0521735610419185;0,00132416075557546;0,00824909988949259;0,00620024180237214;0,00785142631825984;0,00369124886788217;0,00318868417988825;0,000114939640813103;0,00103606083660886;0,00432635409317621;0,194109252858982;0,000163010108913767
"classe 81";-1,00438253536483;0,516740885705917;0,829479204811368;1,00082130135643;-0,345484736230929;-0,0945046576486017;-0,571024536231216;0,293784204944132;0,471586234888881;0,568999857459478;-0,196419446112302;-0,0537290090233205;0,390025223508681;0,0747235717339329;0,13474777527973;0,125935988108888;0,0105663844197488;0,000546418672719491;0,0100018601323672;0,00264745217014953;0,00682171352612792;0,00993105878684623;0,00118342353399214;8,85500679019251e-05;0,00991476607732437;0,145649288845047;0,000210329025237637
"classe 82";0,673949549098298;-1,03842383411125;1,71036279809954;1,57679096751824;-1,02576471002796;1,98728070899606;0,194994799584372;-0,300448672585467;0,494861746666652;0,45621521538079;-0,296785989871551;0,574982807076642;0,054109862716328;0,0929797845765612;0,176528304497432;0,0963190718060819;0,0287006315399937;0,0744500180729033;0,00177993367138229;0,00422569687013773;0,011463718892218;0,0097431029503043;0,00412329637305019;0,0154763120598338;0,0039187634124343;0,262388462240533;0,000269797867842375
"classe 83";-1,06568932824525;1,47192070868722;-1,37471607243903;-0,482232330373942;0,521731900959514;-0,156205314291078;-0,445538768088259;0,615374220132171;-0,574735327784629;-0,201609599263709;0,218123408262518;-0,0653056396958398;0,240913447786474;0,332649000567643;0,203068255793432;0,0160418643755812;0,0132211393194989;0,000819060789200916;0,00613479524102393;0,0117032819885605;0,0102085687730101;0,00125617887421656;0,0014703936644696;0,000131804563873315;0,00540180420260367;0,19663266193253;0,000208857538606727
"classe 84";0,564279431274205;-1,38262875347798;1,05063879466383;0,562247042171632;-0,565177693936692;0,0698481718354088;0,283048993776111;-0,693542340457361;0,527012393452337;0,282029524239279;-0,283499572565044;0,0350366390468451;0,0719823855465928;0,312799857617685;0,126404015418709;0,0232399151577789;0,0165341589935189;0,00017453100875375;0,00213070941824822;0,0127922504727092;0,0073865671740112;0,00211538852645149;0,00213749846631004;3,26471949749554e-05;0,00669168956977085;0,190474422504591;0,000242777881099962
"classe 85";-0,0825300665446496;-0,260377771859278;0,734780910139378;0,212981575403021;0,732305947943628;5,81723094391933e-05;-0,0754606381256306;-0,238074118207587;0,671840441709224;0,194737824187008;0,669577481863832;5,31893378414797e-05;0,00417799706079569;0,0301001829092109;0,167755078888293;0,00904836672112087;0,0753187581230734;3,28474051228293e-10;5,10305444076543e-05;0,000507941413876165;0,00404502807544903;0,000339852040061247;0,00401782423573241;2,53535292422322e-11;0,00749213873797485;0,115633505961678;0,000100178193976217
"classe 86";-0,0082071304906875;-0,355724060364392;-0,0770670963724105;-0,0510144445011245;1,99151614573837;-0,0400770383821082;-0,00405178434696504;-0,175617675539426;-0,0380473120419;-0,025185358991588;0,983193084987118;-0,0197856628420368;2,93555931485149e-05;0,0399164809784228;0,00131118020659186;0,000368839046494049;0,395776618944641;0,00011077050607062;1,62739858203246e-07;0,000305729775746985;1,43499123740161e-05;6,28778350303936e-06;0,00958250201863011;3,88063232552568e-06;0,00241607969789182;0,137183371417446;4,54688740393258e-05
"classe 87";0,352519559981242;-0,778094227927709;-3,45858983781953;-1,96853032654495;-0,275991555772244;0,986803540239836;0,0839889336398845;-0,185383484758902;-0,82402029660896;-0,469008763579194;-0,0657558873163149;0,235109158371855;0,0148195995218023;0,0522579054465228;0,722577376235369;0,150278424183837;0,00207986863670642;0,0183762183575632;0,000367577982550616;0,001790801454157;0,0353819018360359;0,0114621812244328;0,000225306976864979;0,00288034459785692;0,00295789702851662;0,262253050643729;0,000203434285852838
"classe 88";-0,45710030654787;-0,154379577063468;0,499749712971073;-0,36190164611271;-0,0382230217880601;0,491049439930829;-0,49402917117332;-0,166851812195767;0,540124198029494;-0,391139467014552;-0,0413110372126113;0,530721035053046;0,214863476754135;0,0177393151772837;0,130095084998339;0,043798887022098;0,000344004320958286;0,0392387107906438;0,00280112071578166;0,000319512971269078;0,00334821938901363;0,00175586012920124;1,95865901714338e-05;0,00323265412676194;0,0134062958846437;0,0893070566667235;0,000106925269368622
"classe 89";-0,785755645243726;-0,207989498556615;-1,79544567658647;-0,890443122814154;0,735225993075281;-1,03622950090317;-0,313263580637645;-0,0829208615264401;-0,71580490053418;-0,355000187011581;0,293118514086132;-0,413122025632534;0,1362275297188;0,00690860336792078;0,360288673631251;0,0568911370347771;0,0273090036088991;0,0374909531875556;0,00103692484177989;7,26532547983373e-05;0,00541398188626081;0,00133163324007773;0,000907849721277976;0,00180336718941529;0,00167947003390041;0,192801599453825;6,24300272013643e-05
"classe 90";-0,506860184087806;-0,0856563307860024;1,22064708372534;0,406603675332708;-0,0817941822449194;0,222050963559111;-0,360615584296745;-0,0609418706476231;0,868453224649966;0,28928613167987;-0,058194069584318;0,157982497898576;0,172264420897589;0,0035608669826523;0,506075926671304;0,0360499127879302;0,00102716059950389;0,00523177760850358;0,00115268406135676;3,29194725174199e-05;0,00668519638757235;0,000741782415727002;3,00177933643328e-05;0,000221227574695409;0,0044867713088899;0,110597661938868;5,48814814480915e-05
"classe 91";-0,683663626575999;0,134842801159174;1,30230267128318;0,518138955255982;0,11635083897388;0,112549287050472;-0,434455990306887;0,0856901851086721;0,827590023423223;0,329268026221795;0,0739388743300574;0,0715230561683409;0,248884623495945;0,00700787313669044;0,457460066295797;0,0464887630922227;0,00165054148125087;0,00106739049163315;0,00220956629409583;8,59562813957259e-05;0,0080176288881273;0,00126915474440866;6,3997222497083e-05;5,98835563202988e-05;0,00472739713246042;0,124107779295173;7,28148730756097e-05
"classe 92";-0,29896334988493;0,0343585264450401;-1,78635527977304;-1,31123372616666;1,09842811327057;0,272140637494931;-0,119284516238705;0,0137088382480623;-0,712744640639725;-0,523174097299439;0,438265981983758;0,108582420905339;0,0240258673294475;0,000229683508888802;0,434505278588913;0,150295431140376;0,074260990861367;0,00315032009885367;0,000198682936767889;2,62418064452757e-06;0,00709349626376541;0,00382194902879967;0,00268205665770963;0,000164630942337227;0,00222292427488963;0,174676297184599;6,78254404481371e-05
"classe 93";1,53754010330338;-0,36827890447974;0,364277099071266;0,487773792219397;-0,313187983938573;-1,05189658305544;0,76167635179823;-0,182440335576098;0,180457895874145;0,241636469684427;-0,155149046532743;-0,521095189731516;0,674756237001524;0,028019815476073;0,0191855366093535;0,0220837748937152;0,0064103017502996;0,0499763814795071;0,0115975043977082;0,000665373234223767;0,000650991593333529;0,00116720883425979;0,000481195795285819;0,00542822361679731;0,00490582036218279;0,169515166934432;0,000140970670309822
"classe 94";-0,473181000630094;0,127358657304254;-0,00162696541926636;0,547194329515963;-0,376246335568863;-0,867490595912376;-0,395190352173439;0,10636714611403;-0,0013588056920242;0,45700465466865;-0,314232654437581;-0,724509043366597;0,228673362491778;0,0119904506887905;1,36941107010027e-06;0,0994458219200446;0,0331039507163422;0,121622870217023;0,00147334871366073;0,000106735255796997;1,74183733881982e-08;0,00197030803330586;0,00093152713296225;0,00495199847876283;0,00658037966498992;0,0896138369452109;5,28446586528101e-05
"classe 95";-0,525671026014605;-0,344369562919294;-0,139415986803783;0,405507503964611;1,65092371039989;0,229751183353149;-0,28689968533437;-0,187949333995698;-0,0760901795326926;0,221317077660165;0,901037853685357;0,125393143139273;0,167687488840852;0,0520882398430932;0,00597467028574197;0,0324498546068847;0,378704859854666;0,00506888934627233;0,000849923346506023;0,000364754952604504;5,97828799643679e-05;0,000505765812005516;0,00838312010554187;0,000162355569911348;0,00307575457475524;0,116257043111498;4,15709763306379e-05
"classe 96";-1,10095208739079;0,67822955783552;-0,38050405721039;0,966913218089365;1,14362245444909;4,56493433149706;-0,220639686407945;0,135922678804379;-0,0762560849117599;0,193777214890923;0,229191172448513;0,914849693197286;0,105704609224224;0,0290354188113479;0,00639575588462014;0,0265139519597995;0,0261154024179983;0,287574829851792;0,00260114419843806;0,00098714514929872;0,000310703520393002;0,00200633100552979;0,00280668024644952;0,0447194711569918;0,00214598948776164;0,306674043885126;0,000201828099222688
"classe 97";0,973645929265364;-1,91176175625103;0,180669949959327;0,371367179315;1,00193845417609;0,476217012681981;0,39735560078452;-0,780210976473931;0,0737333915255672;0,151559025938418;0,408902091039036;0,194349394877904;0,156617438521885;0,437041958360578;0,00273165638885586;0,00740947494691332;0,0379747033506575;0,00592887836701973;0,00511152628309071;0,0197067965233911;0,000176003109991373;0,000743627653124972;0,00541290722427733;0,00122280809778668;0,00539198274041712;0,222810963826183;0,00026768350359416
"classe 98";0,509976969905878;-0,0868744304368377;0,860764666096093;1,08105558034572;0,383388979699504;1,48441138378628;0,239669332176781;-0,0408276019402952;0,404525899910137;0,508054057882771;0,18017790243641;0,697615590549767;0,082289735470988;0,00172840717707003;0,118748903689842;0,120249413722273;0,0106487363879442;0,110325983189199;0,000974051786116484;2,82660328439561e-05;0,00277491561595152;0,00437700421163724;0,000550503607127601;0,00825257483323508;0,00374525091380521;0,16100275010722;9,70839655140584e-05
"classe 99";-0,894537984167547;0,776006199551509;0,0140745538086501;0,616910068284769;0,0876681570218972;-1,38208410671226;-0,464985187806422;0,403371790604503;0,00731602141198848;0,32067284904398;0,0455703337130004;-0,718414029698157;0,371841451804343;0,202538781758787;4,66278842078944e-05;0,057510392219548;0,000817745702926608;0,140460396769543;0,00487003247078643;0,00366492140643036;1,20560087762131e-06;0,00231621036308547;4,67754568197457e-05;0,0116252748541153;0,00608603273493347;0,132854248980897;0,000107420008240092
"classe 100";0,713269329156283;-0,528012428359791;0,746514638745899;0,42710385670215;0,0865749291953598;0,251109205702932;0,564276438872713;-0,417717348239033;0,590577226159669;0,337887293673165;0,0684905276942183;0,198655686667216;0,429102003578688;0,170199906000324;0,238092825385931;0,0500337222408035;0,00144747816491591;0,00841595545001143;0,0255256403494023;0,0139880712827372;0,0279605817723053;0,00915243246167802;0,000376057138175173;0,00316369650874618;0,0501729395800015;0,0986117898844762;0,000487895968992744
"classe 101";0,0293416537283717;-0,926292797252794;-0,322223677042441;-1,2140480175407;0,3771250087656;-0,583229656231793;0,0171738448378713;-0,542164696023084;-0,188599439003819;-0,710589541816061;0,220733515737686;-0,341367794524977;0,000352791641194711;0,254485632454272;0,0215516347876778;0,196409831860128;0,0133442468170047;0,0220573343192433;5,10296510298662e-06;0,00508569132739312;0,000615415346406712;0,00873625197351967;0,000842993235906937;0,00201619540836787;0,00592725242958421;0,141475425054216;0,000118635711218166
"classe 102";0,675821413422595;-0,223437266884305;0,227995501294313;0,398932322311903;-1,00346847916456;0,416609969463251;0,49051179627791;-0,162170971440224;0,165479342119077;0,289545442219022;-0,728318334470248;0,302375894592914;0,486483419396856;0,0384886740489161;0,028046127927697;0,0551245402871752;0,245575990492485;0,0292541968407829;0,0431549050685622;0,00471712613949019;0,00491155288397761;0,0150371218633204;0,0951423203931281;0,0163993103878782;0,0944857400553603;0,0877512860518465;0,000727567429571162
"classe 103";-0,145289250449242;0,914712008878518;0,189061973466876;0,574545244958909;0,363478128378209;-1,8942463457107;-0,0653426765427453;0,411384398646855;0,085029108076341;0,258397121496872;0,163471376578388;-0,851922120028372;0,00698971806179273;0,200529853267018;0,00599538772267286;0,0355454114105945;0,0100166741486588;0,188014058454483;4,57833685689245e-05;0,00181471963559463;7,75263166076449e-05;0,000715960802575486;0,000286547974564633;0,00778240258200641;0,00216890623286359;0,15738350656152;5,37228707189799e-05
"classe 104";0,140253530343422;-0,0281803500111493;-0,102802556043724;-0,112616329338039;2,33067671598209;1,37695969226703;0,0516567864109158;-0,0103791064506282;-0,0378632157568069;-0,0414777272041;0,858411685007744;0,507148109182796;0,00861021339469706;0,000251591902951115;0,0023432053277706;0,00180522538060745;0,544408220611182;0,131326836373743;7,1097048363393e-05;2,87023022467568e-06;3,81972232898029e-05;4,58381100477332e-05;0,0196330622031859;0,00685277420464144;0,00361429808465118;0,136887063610922;6,77249639475694e-05
"classe 105";0,261780331398858;-0,239704362283347;0,561041159566373;0,681993830520326;0,615060541373346;0,527260040936236;0,209446215487203;-0,191783589117419;0,44887997114149;0,545652249826461;0,492100006130253;0,421852243679313;0,053266455996737;0,0323257964685344;0,123932563207364;0,117566354590469;0,0673270826627645;0,0341943388029439;0,00122293986592614;0,00102537553589524;0,00561720822661401;0,00830026518967473;0,00675097980066175;0,00496113213578109;0,0178455967929652;0,102722522387011;0,000188305249135637
"classe 106";-0,772837254874108;0,307146759483878;0,00613776233939416;0,433248041803304;-0,387411633077352;-0,393834791631124;-0,710086142611385;0,282207743327567;0,00563940202980482;0,398070135539931;-0,355955449093206;-0,361857074373386;0,393814819765941;0,0450220654223884;1,25820759264548e-05;0,0402468187238573;0,0226587297450197;0,0161833650831176;0,00744021788158828;0,00117517198766034;4,69277456192967e-07;0,00233820600873437;0,00186962656493747;0,00193213609597596;0,0124568878732769;0,111531510726515;0,000154954689837214
"classe 107";0,519723025847883;-0,449973577240543;2,5068799527517;-3,13799125490722;1,02612527810103;-0,69091706258462;0,122045360248722;-0,105666257997971;0,588684841189681;-0,736887253624559;0,240962633937284;-0,16224646130997;0,0312643091049601;0,016962760365168;0,368458180126523;0,370638697639376;0,0279048684824923;0,00874342262993572;0,000663223756471474;0,000497153135128549;0,0154306148828914;0,0241779578132371;0,00258533562315849;0,00117210898067274;0,00245536554663803;0,266196967426024;0,00017398922945754
"classe 108";-0,101772382947269;-0,669694530126701;-0,410141400785351;-0,027899836874145;0,437528954344672;-0,413092957740264;-0,102289219739487;-0,673095479998297;-0,412224246443464;-0,028041522287966;0,439750883857545;-0,415190792466968;0,00977123670248434;0,306239165886054;0,0803846410010588;0,00023880057001947;0,0413501921716223;0,0254747508916471;0,00010101486417982;0,00437400123098133;0,00164056188772794;7,5915197369224e-06;0,00186697711555487;0,00166425925247991;0,00975271195124626;0,09324181950882;8,47904376310452e-05
"classe 109";0,243465747689241;-1,50062144335715;-2,16931913703285;-1,45941427530564;2,34112712152817;0,809330530274709;0,0622781123143032;-0,38385633986566;-0,554908040017777;-0,373315618370241;0,598856221872707;0,207025333716256;0,00869737263257463;0,239151007683771;0,349764268242302;0,101627654014269;0,184135114744759;0,0152085881598163;4,58946202137113e-05;0,00174352562794752;0,00364361879984099;0,0016490856754872;0,00424361554573807;0,00050715170086778;0,000774258602373193;0,236428264901072;4,32797585591164e-05
"classe 110";0,0400110204018047;0,285445425181017;0,639820186205915;0,0218642126158078;1,17896540620411;-0,74872588288313;0,025596196275579;0,182607617989415;0,409311307303361;0,0139871633341289;0,754217953860455;-0,478981402184344;0,000983097468696407;0,0362160498874876;0,127341337668636;9,54657065236559e-05;0,195440126514398;0,0544763162627126;5,55808036144959e-06;0,000282886186432816;0,00142128588427536;1,65971397546421e-06;0,00482578190946278;0,00194630662207151;0,00347188688294618;0,115567814828679;4,63702428475838e-05
"classe 111";-0,229939182571554;0,77119336445075;-2,16084553433074;-1,02950707022578;-0,295724216350221;1,02696030303454;-0,0838566058795722;0,281246794462982;-0,788039560341652;-0,375451315746463;-0,107847774277483;0,374522534273753;0,0114257358595886;0,0930255752735242;0,511118814871126;0,0744833608219934;0,00432719314776053;0,0360653575695892;0,000163227208409198;0,00183608657509773;0,0144149796224714;0,00327209010081438;0,00026998545390445;0,00325592130573163;0,00308721294730622;0,194816822871297;0,000117170828255913
"classe 112";2,02082074094635;-0,828398944580454;-0,740666079338386;-0,708924486548832;-0,410940700348599;0,10528204480194;0,824922509563587;-0,33816207565403;-0,30234850055543;-0,289391213523013;-0,167750769251622;0,0429773541265865;0,408547862416753;0,0496917186473023;0,0278002358843314;0,0163504496203823;0,00386829835095237;0,000175477201568174;0,00357630262849476;0,000600976865692119;0,00048042277953786;0,000440127631998423;0,000147889381974021;9,70705081519378e-06;0,000875747044967565;0,286326722894178;7,17963631946857e-05
"classe 113";2,09164030625812;-0,727193085511561;-0,911919220951825;-0,735634568985965;-0,47707116810159;-0,387589525233666;0,810838385905034;-0,281901274293349;-0,353511598997225;-0,285173671949175;-0,184939836332254;-0,150251677639731;0,412459294030356;0,036084787644268;0,0397133055980285;0,0165910446688193;0,0049130108023314;0,00224117551415032;0,00349477101315359;0,000422419737217812;0,000664289610012973;0,000432283818837462;0,000181807193114012;0,000120002082730398;0,000798812257839573;0,294952457073918;6,94942315995125e-05
"classe 114";13,4106014455094;12,1232260902717;0,117231795578544;-0,886838119223176;0,126820671887966;-2,81684143122091;0,732079338983455;0,661802036140963;0,0063996365684048;-0,0484121362299999;0,00692308946935926;-0,153770240758288;0,624356178250802;0,369309001947205;2,41681242268448e-05;0,000887905999617633;1,27846925795786e-05;0,00435898543573007;0,461012995349614;0,376749830283383;3,52295819803929e-05;0,00201606885604786;4,12284260831328e-05;0,0203395554245973;0,00256340163069011;1,53704864429736;0,00605608386499141
"classe 115";-1,3358614622614;1,32559932963312;0,886582889206483;0,816107210911727;1,13397458357841;-0,538212753838272;-0,521194145025272;0,51719031409487;0,345905487947662;0,318408990794634;0,442426801180441;-0,209986846692598;0,356135269606452;0,253824931415991;0,0794597222480692;0,0432243984242807;0,0587588209163431;0,00914797205380337;0,00957539482171961;0,00942884289125603;0,00421766943463361;0,00357378381891768;0,0068998633370212;0,00155432494699866;0,00536579217458631;0,202726018764862;0,000220522461204366
"classe 116";-0,490211232420631;0,213878523728655;-0,587890939083231;-0,187349252675811;-0,833660451313087;0,351111612225347;-0,40226737649769;0,175508733663003;-0,482423351590712;-0,153738811717056;-0,684101832966244;0,288122217049835;0,245770182565732;0,0338621565965073;0,179049213504071;0,0116737124042571;0,162747888184745;0,0199516022296643;0,00148218464252435;0,00028214356413289;0,00213171590696002;0,000216490938322528;0,00428661215336996;0,000760372109755443;0,00616787825315473;0,0895517805719849;4,94634316660531e-05
"classe 117";0,726074643705616;-1,18279504565402;-0,844563923656062;-0,339591935417825;-0,357428374375736;-0,689210561459137;0,396249761345101;-0,645501476499152;-0,46091439232945;-0,185329737831462;-0,195063839885003;-0,376131466457645;0,167383692207391;0,321504590834634;0,114718078410572;0,0119071472083453;0,00928758801400628;0,0238659741913477;0,0010182852350915;0,00270225232584984;0,00137775488077033;0,000222752015395098;0,000246765793344126;0,000917509888856481;0,00193155423002192;0,160723825915183;4,98961951587401e-05
"classe 118";0,338273576319798;-1,14788574627239;-0,788959475836568;-0,633514405163224;1,83360900351774;-0,0336222859218946;0,140229502270003;-0,475849898220937;-0,327058932037812;-0,262620009175445;0,760112807859418;-0,0139379388461299;0,0308864796269217;0,257422895030793;0,0851055462078094;0,0352279713420801;0,207787785622702;4,82849128127049e-05;0,00030568997948273;0,0035199976958201;0,00166285525123152;0,00107215615229238;0,00898169945300859;3,01994843162944e-06;0,00267143771474218;0,174316875368651;8,1175302948712e-05
"classe 119";-0,127561533774918;-0,292757564581976;0,916622320496579;1,10203181269953;1,53188332165179;-0,657160405158126;-0,0574206913154223;-0,131782217167271;0,41260939532862;0,496069831274148;0,689563669711119;-0,295814918907178;0,00763420259973498;0,029104359767013;0,199673891421568;0,185291229670605;0,252086669122115;0,0320620812092102;7,83356385636227e-05;0,000412606603549037;0,0040448347180014;0,00584666467359114;0,0112972125205745;0,00207903930751232;0,00481415338177497;0,132218874239907;8,41602144093848e-05
"classe 120";2,13611323922107;-0,74788415403335;-1,02976931797629;-0,784385573231394;-0,377903745499242;-0,530662240984086;0,794846399101651;-0,278287225538362;-0,383176518580674;-0,291869380771969;-0,140617747131529;-0,19745908767422;0,411246576989177;0,0364871547402849;0,0484116469141428;0,0180324746915876;0,00294706987654533;0,0040161954726394;0,00358521066213392;0,000439475631757381;0,000833193803897756;0,000483420797595871;0,000112209216155537;0,000221259796864336;0,00078571697492417;0,301667613014485;7,15028758814212e-05
"classe 121";-0,225963438917072;1,13994737005189;-0,371788504874199;0,000603555623739948;0,889375145190165;0,919684996082019;-0,12781246208555;0,644792275744002;-0,210295985982565;0,000341391203132173;0,503060263063911;0,520204526253123;0,0197418647933229;0,363662907416936;0,0270719753907067;4,58024603841471e-08;0,0700254787327953;0,0517505227202867;4,90613338067557e-05;0,00124862665480767;0,000132817382045581;3,50023821116054e-10;0,000760033922338016;0,000812720477609181;0,000960866383917683;0,145646365719353;2,03827277774506e-05
"classe 122";-0,224312952546709;-0,390586914582842;0,931510697907492;0,973677849010409;1,55851358807958;0,488304021809781;-0,103621846889492;-0,180432458315195;0,430313353814888;0,449792559209604;0,719958676329878;0,22557308442971;0,0225635222204846;0,0495166383265469;0,197101574618793;0,138251914872411;0,249398401386446;0,0169201227718677;0,00029477815794305;0,000893762185310253;0,00508349371238393;0,00555414453186165;0,0142300944636982;0,00139690605379241;0,00585850219427834;0,135240406537138;0,000107151815085476
"classe 123";-0,12274683286792;-0,35782561753359;-0,677097517802311;-0,215981546039374;0,959227781687381;0,118586573634469;-0,0975781863341146;-0,28445519910386;-0,538261934868611;-0,171695570889701;0,762542747795926;0,0942709682072188;0,0107292395189038;0,0659946593733807;0,165373912870641;0,0108024937901673;0,150025863521581;0,00158468923700364;7,25091508831436e-05;0,000616190626946634;0,00220635134795527;0,000224494404213573;0,00442808272822709;6,76773384693717e-05;0,00481251647141054;0,107320178954757;5,54287398638264e-05
"classe 124";-1,86406792223342;1,81193250159482;-0,378685812998918;0,194876044678146;-0,35990286284173;1,06140607280452;-0,65114575648116;0,632934103619009;-0,132280405253917;0,0680730074363237;-0,125719250403724;0,370764419024991;0,431680649906517;0,295216569243397;0,00902429730781575;0,00153425805666407;0,00368454619889109;0,0221476151419284;0,00768997726934194;0,00726583649513559;0,000317365460855601;8,40462813673232e-05;0,00028666336375524;0,0024932436771461;0,00221310281270308;0,256942535439511;0,000146107867044329
"classe 125";-0,395148006647189;-0,169168834067403;0,0927188596481607;0,558844280662027;0,132659765232641;-1,80151433742072;-0,203546234985926;-0,0871412196749943;0,0477607743835139;0,287868462851027;0,068334890453668;-0,927985095424149;0,136254425829589;0,0180754584785895;0,00379999827045397;0,0886247518711488;0,00351628253664277;0,44815803658649;0,00354529404478614;0,000649790537178327;0,000195195064989973;0,00709111112890754;0,000399586786933065;0,0736899252372796;0,0227055836649441;0,0969482668815718;0,000213409019124914
"classe 126";0,906360834906099;-1,16735486191529;0,974345384174762;0,654112346353578;0,468423845275605;3,41563187728309;0,230607643657833;-0,297013003708054;0,247905121779348;0,166427432729618;0,11918224511912;0,869047721931231;0,0752503611255103;0,0903503215039059;0,044050252251161;0,0127453980614541;0,00460212705555952;0,16911150676621;0,000594359802177489;0,000985945617168688;0,000686867601823024;0,000309565005885127;0,000158754175806907;0,00844091027853943;0,000723514381076007;0,299228117136062;6,47816443574527e-05
"classe 127";-0,158160022364998;-0,285879892897508;0,383567385471461;0,895830883516235;1,59248782735313;0,0464741500117374;-0,0834207484611018;-0,150785984213211;0,202310785638701;0,472501721231629;0,839950099187594;0,024512568474008;0,0125061735985244;0,0295743917547079;0,0372589464631259;0,130474446284813;0,290307026875111;0,000170875045997986;0,000139750902834731;0,000456592116026873;0,000821948356264976;0,00448345946758381;0,0141681592454405;1,20665772559765e-05;0,00558677507378373;0,128082576298071;9,16518627163856e-05
"classe 128";-0,50576671354073;0,630887994803959;0,138712782164217;0,324776729838306;0,306241856392031;-1,04574006225667;-0,360719688762199;0,449957885793457;0,0989318400559109;0,231635174415337;0,218415850956936;-0,745836014281336;0,260523437569119;0,293405616069976;0,00992648491476301;0,0349348197212837;0,0218700461090016;0,176245696623097;0,00410724036763286;0,00639078430012741;0,00030894601517686;0,00169363352672985;0,00150583965777859;0,0175588927169346;0,0160564537646483;0,0897392440146947;0,000129304740275149
"classe 129";0,410927716432999;-0,405056273101455;-0,143911131347527;-0,0454099669644986;-0,66969737884051;1,12229184380449;0,286047483754486;-0,281960362044678;-0,100176783799234;-0,0316099553963454;-0,466177486778352;0,781229265198035;0,195820168663798;0,137712974344423;0,0121655440131704;0,000777626955885013;0,119085267626837;0,231133491800013;0,00387196926302172;0,00376211231165921;0,000474886481035506;4,72828235997192e-05;0,0102839091151283;0,0288810278311471;0,0229298403848704;0,0840992819663737;0,000162175635072855
"classe 130";-1,65006665088743;1,67423229695813;1,36950590976676;1,3052432108977;1,76156187150508;-0,621341562436989;-0,464961648538045;0,471771130221089;0,385904245228692;0,367796073422667;0,496379168281634;-0,175083834959353;0,311579498283586;0,232174710808011;0,108720121687398;0,0634002790791325;0,0813085077891515;0,00699119516811776;0,0132323832245973;0,0136228045925543;0,00911513106105314;0,00827976445474714;0,0150810263663373;0,00187627247057466;0,00485998687197888;0,267714943353953;0,00034832153284753
"classe 131";-0,416646590043704;0,149408834359251;1,02357300844424;0,349853896817518;-1,99678326969021;0,847211839863296;-0,169098706251282;0,060638539223401;0,415423708288352;0,14199046084262;-0,810407370748914;0,34384639035837;0,0506002635072824;0,00470963502438761;0,154693111060144;0,0116020018431291;0,266105138752431;0,0331074600680228;0,000439308950492206;5,64919990554641e-05;0,0026513803799755;0,000309747506800626;0,0100901180323247;0,00181642897508236;0,0025306634234016;0,16774400419556;7,12079363286779e-05
"classe 132";0,014120789435257;-0,595457784008342;-0,238669714005758;0,125226324690067;-0,642030777116369;-0,563807818937815;0,0131249917227935;-0,553466116198071;-0,221838731833625;0,116395367452278;-0,596754783014554;-0,524048105860761;0,00031420281503721;0,404400472148456;0,0454676964362717;0,00803573804122143;0,148722987352725;0,0792645544156332;2,30956759161207e-06;0,00410690518469362;0,000659792459975553;0,000181636862615298;0,00477446174095018;0,00368192477803785;0,0115827777386738;0,0721455426610844;6,02881186658559e-05
"classe 133";0,209889392198867;-1,47862533518715;-1,64168273371401;-1,14508887955076;1,43970154734088;-0,696177711011718;0,0707772646680429;-0,498610509073547;-0,553595453909079;-0,386137945549943;0,485484932762061;-0,234759620731965;0,00817397582499671;0,293620408250174;0,253306911025679;0,0791176077512569;0,0880585641734964;0,0142304067768186;0,000104201441142017;0,00517141072910247;0,00637486814910034;0,00310149538848355;0,00490272674584796;0,00114639154678576;0,00236533547659464;0,210246792367426;0,000104556612213714
"classe 134";0,233518460919212;-1,54096255743119;-1,57648861390857;-1,04119180049377;1,65757702036027;-1,0296379125939;0,0745711167653712;-0,492086571438227;-0,503431360605469;-0,332491208721308;0,529325900172171;-0,328801623237214;0,0100574845073155;0,316992281866357;0,232190698784391;0,0650205734746426;0,116029562723652;0,0309414527058448;0,00012889454299275;0,00561275731218769;0,00587453869261141;0,00256243920541085;0,00649440736355578;0,00250588503591748;0,00236369856623021;0,210878399493206;0,000105112964648214
"classe 135";0,0647930581036162;0,0994448195854152;-2,33255075698042;-1,27128144775511;-1,48530579701743;-0,124552411687165;0,0212548431054648;0,0326220755711063;-0,765174570026737;-0,417033683943603;-0,487242655359105;-0,0408584198107204;0,000845599651258934;0,0014417493012824;0,555119205804613;0,105860426909967;0,101745188027812;0,000494466458358327;2,14543199888409e-05;5,05384741515438e-05;0,0278048145655629;0,00825926148102175;0,0112742990272832;7,92797148643445e-05;0,00511043415773596;0,201790930948356;0,000208094731565032
"classe 136";0,875295272889491;-1,33465617265253;-1,3945793851443;-1,16441376457949;-0,0077460284665781;-0,730907753313614;0,346466304581869;-0,528294172662218;-0,552013453039639;-0,460907474898533;-0,00306609431254189;-0,289313693474928;0,197577844535148;0,332495260010186;0,254057352525827;0,113706717467912;3,54292160273794e-06;0,0218011262980031;0,00418996639923151;0,00974182161675274;0,0106362333398856;0,00741508332035813;3,28140285434334e-07;0,00292163872179573;0,00546891752754511;0,178336822624607;0,000173933575023909
"classe 137";-1,35530119449737;0,793027915141008;-3,19430542797066;-1,48503083935751;-1,79335815541513;0,203188614566243;-0,318282146207804;0,186236556020589;-0,75015826104602;-0,348748163621871;-0,421156481630996;0,0477172960458566;0,176876253789097;0,0438321144968574;0,497699239140053;0,0690575582566144;0,0709097968770707;0,000629102402190326;0,00592028013175492;0,00202697113780953;0,0328869420912571;0,00710790410533291;0,0103658442438972;0,000133066689648225;0,00322307650755352;0,291847930897479;0,00027452623374824
"classe 138";0,381896828632624;-0,348342430219105;0,0984258172662569;0,623309786124062;-2,10886410313981;-0,473880251431488;0,165305325472699;-0,150781191374369;0,0426039457210751;0,269801735286666;-0,912828912969501;-0,205120659101684;0,0617639130636515;0,0371940128294639;0,00207815036144205;0,0535048282260034;0,431235172703501;0,0150488958213427;0,000950883494030006;0,000791130193525466;6,31616205290581e-05;0,00253304611240494;0,0289956196104365;0,00146410567960629;0,00651981398150619;0,139166342554607;0,00012627100359761
"classe 139";0,993122503231454;-1,11572284258645;-0,83144838768302;-0,415260057427892;0,736409644716156;-0,961729537946668;0,46496517216703;-0,522364825996691;-0,38927175798466;-0,194418577232714;0,344776033295772;-0,450267453143466;0,342822519309842;0,313179934193214;0,121716791687829;0,0194915510638035;0,0431595512229427;0,050873816897793;0,00356959781031324;0,00450532671471823;0,00250198229464176;0,000624099680830765;0,00196269391812712;0,00334749202398367;0,00361920881574446;0,15361149465773;8,54006293009589e-05
"classe 140";-0,229488680283429;-0,480022952583229;-0,695680036839797;-0,925917308138828;0,677496807703627;1,37782136466854;-0,115006648837385;-0,240560149082048;-0,348635190202847;-0,464016990197788;0,339522791955533;0,690485550970871;0,0306801374334842;0,0971575051304238;0,142813760399844;0,162413285757738;0,0612242618984286;0,175002925691004;0,000185174726766002;0,00081018310674855;0,00170168142276343;0,0030144187356271;0,00161388907594054;0,0066749037077474;0,00351608346278566;0,118655584048593;4,95034581375895e-05
"classe 141";-0,342297702226187;-0,349260518058001;-0,543334729648918;-0,455182591750248;1,09930851345023;0,518455340838904;-0,229795758775747;-0,234470127130782;-0,364758558578885;-0,305579115408847;0,738002131869429;0,34805620272814;0,0685849439626587;0,0516817714040914;0,087533029738847;0,0394397808483327;0,161969891419568;0,0248982166717826;0,000502881377756576;0,000523548082836183;0,00126704639458487;0,000889260239258583;0,00518676735199492;0,0011536665250933;0,00429197897552328;0,118370955423316;6,01378492246557e-05
"classe 142";0,169777437331507;-0,456109171136711;0,283791084879059;0,350412802714449;0,842587635108473;-0,391128040072619;0,14872621082702;-0,399554792514395;0,248602955633841;0,306964041819264;0,73811260335314;-0,342630871701845;0,0348206584226639;0,18189980072499;0,0492822736886805;0,0482368950941361;0,196372867640863;0,0292441936224406;0,000454701833457775;0,00328174148579732;0,00127046953084562;0,00193698691950625;0,0111994558163302;0,00241326303698617;0,0157749051819671;0,0823980715816636;0,000107102806949393
"classe 143";0,126055654496283;-1,05337375839377;0,136202930749127;0,31025533365487;0,549941111176422;0,279066265323534;0,099020061660887;-0,827453039888718;0,106991016428936;0,24371379762286;0,431993336246188;0,219213956805283;0,0109812214920837;0,555019907480362;0,00649404213339098;0,021632508575974;0,0478555872181784;0,00851658303151919;6,65610014781533e-05;0,00464793637558419;7,77084219430506e-05;0,000403212230511113;0,00126685689102408;0,000326219460490906;0,00418885362256448;0,108941303963479;4,97141848562949e-05
"classe 144";1,20992458503469;2,20171863349877;0,0859693477278893;0,0535204324286553;2,57370664297378;0,074901662814599;0,336202848894339;0,611793566476556;0,0238883811282138;0,0148717714137985;0,715158214229744;0,0208129934184861;0,181227522400194;0,43435894408447;0,000463458682004037;0,00011531589172021;0,187758637541122;0,000109904426557131;0,0032805370694955;0,0108630551039029;1,6562107910125e-05;6,41900293331472e-06;0,0148438457822804;1,25721995287081e-05;0,00224093028889831;0,257395996772759;0,000148467680256906
"classe 145";-0,325892240272052;-0,0679763606938594;0,737124568877634;-0,45758178641074;0,75899143870212;-0,668923346276916;-0,237234633954199;-0,0494836791243762;0,536592945969966;-0,333098595758648;0,55251102629678;-0,48694557766993;0,0521791417627241;0,00164316923137142;0,135221850336973;0,0334525119896605;0,0648032719786694;0,0347877480090461;0,000462960676983202;2,01424309885184e-05;0,00236852426605786;0,000912711502751892;0,00251113360088123;0,00195051265450623;0,00435909230046472;0,129205534555107;7,277099269644e-05
"classe 146";-1,12737340308206;2,30904155509502;-0,0538120345453809;0,137712522340446;1,57968612199992;0,858526744163117;-0,359083818037077;0,735461254756459;-0,0171398675612467;0,0438633182034759;0,50315159328504;0,27345248729324;0,174329149898097;0,529316610864458;0,000201191429412225;0,000845909091443892;0,0783700883351016;0,0159980413866335;0,00600838366797736;0,0252049351935948;1,36892896280539e-05;8,96538518652668e-05;0,0117967857771887;0,00348441395538161;0,00472739713246042;0,244533487548686;0,000282682400801604
"classe 147";-1,51766152626724;3,64892657610548;-1,85620887010932;-0,433503513161741;-0,0986433200071878;4,85077160031987;-0,232005418743293;0,557812610783553;-0,28375926300506;-0,066269825225884;-0,0150796369074367;0,741539056556484;0,118268087559047;0,494840864114582;0,0896164262432753;0,00313794517638913;0,000114400355581497;0,191189524696516;0,0156203111667337;0,0902963261982626;0,023366492123555;0,00127445667018279;6,59895540293262e-05;0,159573762202463;0,00678171963981424;0,399665536956515;0,00108326131333829
"classe 148";-1,01114086296852;1,83347458810639;1,03915215928177;1,0818807881824;1,76198198800939;-1,05041380689767;-0,307079761890554;0,556819490308369;0,315586689577037;0,328563217051351;0,535107450553322;-0,319006810546368;0,167222425680338;0,397959217257227;0,0894634604750748;0,0622547361469959;0,116264843739356;0,0285572744023739;0,00463248805187816;0,0152314333483851;0,00489270772419934;0,00530334404135495;0,0140667546715955;0,00499933025929718;0,00453096788872938;0,22393396280574;0,000227211817385853
"classe 149";-0,508270309179271;0,395279570858141;-0,78411535330298;-0,259186851109664;-0,596266937381599;0,316899347440706;-0,407915971850339;0,317234446685558;-0,629297384893167;-0,20801226109774;-0,478538295177994;0,254329837795856;0,170597414646328;0,074680855565355;0,205664383135172;0,014426177723259;0,0537574560610797;0,0104942249481687;0,00132952625426685;0,000804111317515157;0,00316422495343068;0,000345727055001698;0,00182973793944377;0,000516832869009255;0,00514644618575331;0,111445896351333;6,3919828199395e-05
"classe 150";0,344606138241485;-0,00206532370902279;-0,31083066486813;-0,449091234975998;0,505483374892613;0,796442272333185;0,301441808302905;-0,00180662746390902;-0,271896949288189;-0,392839415615067;0,442168045445284;0,696682305214053;0,105541685218281;2,74392255871761e-06;0,0434952598662647;0,0582893950722362;0,0519955345267419;0,0892095457771636;0,00109712957301091;3,94083421177096e-08;0,000892605623021217;0,00186329260968252;0,00236061768534443;0,00586030890886959;0,0092387220968167;0,0960653036908509;8,52599401925789e-05
"classe 151";0,485071334023559;-1,01035866348702;-1,37507237627967;-0,611335207959741;-1,02166059476789;0,706597334979949;0,21556078140405;-0,44899314332402;-0,611068218480982;-0,271671166454064;-0,45401560696472;0,314004689584273;0,092205255794934;0,289543072602689;0,375328705309073;0,047626169950506;0,0936552291386426;0,0309608705112429;0,00331503350195633;0,0143822833603124;0,0266396071944565;0,00526545030418637;0,0147058451161126;0,00703429684918194;0,014088887506609;0,14467161675968;0,000294878678295164
"classe 152";-0,758548425582398;0,39850183998907;0,555277258587652;1,08763962857616;-0,704824445663098;-0,922597080523727;-0,4012722679856;0,210807552604272;0,293741780220846;0,575361579815661;-0,372852271924204;-0,488054039073916;0,243953489810268;0,0487324961508658;0,0662180512875103;0,163099579873764;0,0482254864898355;0,0571069914122819;0,0034029806738409;0,000939190134706261;0,00182352883318964;0,00699621111141116;0,00293802019722333;0,00503404405681411;0,00591415714666881;0,139086621172461;0,000114409891566928
"classe 153";-0,830976287922662;0,0439841698286211;0,104262358360873;0,667508752791561;2,2402922284444;-2,61464630073463;-0,230434317244545;0,0121970533832726;0,0289125282061356;0,18510386630743;0,621245416497242;-0,725055869707118;0,161966134055264;0,000328440976712554;0,00129157089789597;0,0339862515264966;0,269544569285915;0,253745041727387;0,00147733078775374;4,13897959024118e-06;2,32571007663347e-05;0,000953266685624362;0,0107376645125342;0,0146260273466738;0,00213944184630394;0,186995900844737;7,48108620151415e-05
"classe 154";0,0436982651884003;-1,08121594974638;-1,91388082741539;-1,49655547383343;-1,02447910916521;-2,46580821425927;0,0115949588462884;-0,286891353402921;-0,50783181746246;-0,397098124043892;-0,271836720712795;-0,65428100277916;0,000255207959249042;0,11308585678204;0,247977236191737;0,0973405613375639;0,0321178395735197;0,128590572244551;1,06962931149717e-05;0,00654831844521665;0,0205179840292188;0,0125455741963743;0,00587910365601761;0,0340583413377454;0,00560150726706356;0,247726605542835;0,000343755936800364
"classe 155";-0,158384477370156;-0,0549718720332908;0,277277786734619;0,184044017989968;0,525188123145159;0,234210620179915;-0,231140668068271;-0,0802239931444983;0,404649331364386;0,26858728821481;0,766440851154818;0,341798641608994;0,029535854586853;0,00257527104992516;0,0458533083433397;0,0129691079614024;0,0743581180815178;0,0102202658705709;0,00016437498279654;1,98012014586877e-05;0,000503779680014871;0,000221949361904906;0,00180734174999634;0,000359437724995879;0,00655255218879469;0,0834628880658459;4,56454303162684e-05
"classe 156";0,213363372702539;0,217614869127024;-0,375049545838906;0,223918070753501;2,16039747747697;-0,951410918608508;0,088168326801947;0,0899251762621116;-0,154982040757987;0,0925298535966629;0,892742875234952;-0,393152337874613;0,0168576844187872;0,0126926673813236;0,0263846708319379;0,00603780183650665;0,395730747011541;0,0530419109834915;9,29246828524146e-05;9,66648285052706e-05;0,000287123434183861;0,000102345709093581;0,00952705505760939;0,00184768364391178;0,00204122722443842;0,148825198780851;4,52110188962037e-05
